image,MEL,NV,BCC,AKIEC,BKL,DF,VASC
ISIC_0034524,0.01,0.94,0.01,0.01,0.01,0.01,0.01
ISIC_0034525,0.01,0.94,0.01,0.01,0.01,0.01,0.01
ISIC_0034526,0.01,0.01,0.01,0.01,0.94,0.01,0.01
ISIC_0034527,0.01,0.01,0.01,0.01,0.94,0.01,0.01
ISIC_0034528,0.94,0.01,0.01,0.01,0.01,0.01,0.01
ISIC_0034529,0.01,0.01,0.01,0.01,0.94,0.01,0.01
ISIC_0034530,0.01,0.94,0.01,0.01,0.01,0.01,0.01
ISIC_0034531,0.01,0.01,0.01,0.01,0.94,0.01,0.01
ISIC_0034532,0.01,0.94,0.01,0.01,0.01,0.01,0.01
ISIC_0034533,0.01,0.94,0.01,0.01,0.01,0.01,0.01
ISIC_0034534,0.01,0.94,0.01,0.01,0.01,0.01,0.01
ISIC_0034535,0.01,0.01,0.01,0.01,0.94,0.01,0.01
ISIC_0034536,0.01,0.01,0.94,0.01,0.01,0.01,0.01
ISIC_0034537,0.94,0.01,0.01,0.01,0.01,0.01,0.01
ISIC_0034538,0.01,0.01,0.94,0.01,0.01,0.01,0.01
ISIC_0034539,0.94,0.01,0.01,0.01,0.01,0.01,0.01
ISIC_0034540,0.01,0.94,0.01,0.01,0.01,0.01,0.01
ISIC_0034541,0.01,0.94,0.01,0.01,0.01,0.01,0.01
ISIC_0034542,0.01,0.01,0.01,0.01,0.94,0.01,0.01
ISIC_0034543,0.01,0.94,0.01,0.01,0.01,0.01,0.01
ISIC_0034544,0.01,0.01,0.01,0.01,0.94,0.01,0.01
ISIC_0034545,0.01,0.01,0.01,0.01,0.94,0.01,0.01
ISIC_0034546,0.01,0.01,0.01,0.01,0.94,0.01,0.01
ISIC_0034547,0.01,0.01,0.94,0.01,0.01,0.01,0.01
ISIC_0034548,0.01,0.01,0.01,0.94,0.01,0.01,0.01
ISIC_0034549,0.01,0.01,0.01,0.01,0.01,0.01,0.94
ISIC_0034551,0.01,0.94,0.01,0.01,0.01,0.01,0.01
ISIC_0034552,0.94,0.01,0.01,0.01,0.01,0.01,0.01
ISIC_0034553,0.01,0.94,0.01,0.01,0.01,0.01,0.01
ISIC_0034554,0.01,0.01,0.01,0.01,0.01,0.01,0.94
ISIC_0034555,0.01,0.01,0.01,0.01,0.01,0.01,0.94
ISIC_0034556,0.01,0.94,0.01,0.01,0.01,0.01,0.01
ISIC_0034557,0.01,0.94,0.01,0.01,0.01,0.01,0.01
ISIC_0034558,0.94,0.01,0.01,0.01,0.01,0.01,0.01
ISIC_0034559,0.01,0.94,0.01,0.01,0.01,0.01,0.01
ISIC_0034560,0.01,0.94,0.01,0.01,0.01,0.01,0.01
ISIC_0034561,0.01,0.01,0.01,0.01,0.94,0.01,0.01
ISIC_0034562,0.01,0.94,0.01,0.01,0.01,0.01,0.01
ISIC_0034563,0.01,0.94,0.01,0.01,0.01,0.01,0.01
ISIC_0034564,0.01,0.94,0.01,0.01,0.01,0.01,0.01
ISIC_0034565,0.01,0.01,0.01,0.01,0.94,0.01,0.01
ISIC_0034566,0.01,0.94,0.01,0.01,0.01,0.01,0.01
ISIC_0034567,0.01,0.94,0.01,0.01,0.01,0.01,0.01
ISIC_0034568,0.01,0.94,0.01,0.01,0.01,0.01,0.01
ISIC_0034569,0.01,0.01,0.01,0.01,0.01,0.01,0.94
ISIC_0034570,0.01,0.01,0.01,0.01,0.94,0.01,0.01
ISIC_0034571,0.01,0.01,0.94,0.01,0.01,0.01,0.01
ISIC_0034572,0.94,0.01,0.01,0.01,0.01,0.01,0.01
ISIC_0034573,0.94,0.01,0.01,0.01,0.01,0.01,0.01
ISIC_0034574,0.01,0.01,0.01,0.01,0.94,0.01,0.01
ISIC_0034575,0.94,0.01,0.01,0.01,0.01,0.01,0.01
ISIC_0034576,0.01,0.94,0.01,0.01,0.01,0.01,0.01
ISIC_0034577,0.01,0.94,0.01,0.01,0.01,0.01,0.01
ISIC_0034578,0.01,0.01,0.01,0.01,0.94,0.01,0.01
ISIC_0034579,0.01,0.01,0.94,0.01,0.01,0.01,0.01
ISIC_0034580,0.94,0.01,0.01,0.01,0.01,0.01,0.01
ISIC_0034581,0.01,0.94,0.01,0.01,0.01,0.01,0.01
ISIC_0034582,0.01,0.94,0.01,0.01,0.01,0.01,0.01
ISIC_0034583,0.94,0.01,0.01,0.01,0.01,0.01,0.01
ISIC_0034584,0.01,0.94,0.01,0.01,0.01,0.01,0.01
ISIC_0034585,0.01,0.01,0.01,0.94,0.01,0.01,0.01
ISIC_0034586,0.01,0.94,0.01,0.01,0.01,0.01,0.01
ISIC_0034587,0.01,0.94,0.01,0.01,0.01,0.01,0.01
ISIC_0034588,0.01,0.01,0.01,0.01,0.94,0.01,0.01
ISIC_0034589,0.01,0.94,0.01,0.01,0.01,0.01,0.01
ISIC_0034590,0.94,0.01,0.01,0.01,0.01,0.01,0.01
ISIC_0034591,0.01,0.01,0.94,0.01,0.01,0.01,0.01
ISIC_0034592,0.01,0.01,0.01,0.01,0.01,0.01,0.94
ISIC_0034593,0.01,0.94,0.01,0.01,0.01,0.01,0.01
ISIC_0034594,0.01,0.94,0.01,0.01,0.01,0.01,0.01
ISIC_0034595,0.01,0.01,0.01,0.94,0.01,0.01,0.01
ISIC_0034596,0.94,0.01,0.01,0.01,0.01,0.01,0.01
ISIC_0034597,0.01,0.01,0.94,0.01,0.01,0.01,0.01
ISIC_0034598,0.01,0.01,0.94,0.01,0.01,0.01,0.01
ISIC_0034599,0.94,0.01,0.01,0.01,0.01,0.01,0.01
ISIC_0034600,0.01,0.94,0.01,0.01,0.01,0.01,0.01
ISIC_0034601,0.01,0.94,0.01,0.01,0.01,0.01,0.01
ISIC_0034602,0.01,0.94,0.01,0.01,0.01,0.01,0.01
ISIC_0034603,0.01,0.94,0.01,0.01,0.01,0.01,0.01
ISIC_0034604,0.01,0.94,0.01,0.01,0.01,0.01,0.01
ISIC_0034605,0.01,0.01,0.94,0.01,0.01,0.01,0.01
ISIC_0034606,0.01,0.01,0.01,0.01,0.01,0.01,0.94
ISIC_0034607,0.01,0.94,0.01,0.01,0.01,0.01,0.01
ISIC_0034608,0.01,0.01,0.01,0.01,0.01,0.01,0.94
ISIC_0034609,0.01,0.94,0.01,0.01,0.01,0.01,0.01
ISIC_0034610,0.01,0.94,0.01,0.01,0.01,0.01,0.01
ISIC_0034611,0.01,0.94,0.01,0.01,0.01,0.01,0.01
ISIC_0034612,0.01,0.01,0.94,0.01,0.01,0.01,0.01
ISIC_0034613,0.01,0.94,0.01,0.01,0.01,0.01,0.01
ISIC_0034614,0.01,0.01,0.94,0.01,0.01,0.01,0.01
ISIC_0034615,0.01,0.01,0.94,0.01,0.01,0.01,0.01
ISIC_0034616,0.01,0.94,0.01,0.01,0.01,0.01,0.01
ISIC_0034617,0.94,0.01,0.01,0.01,0.01,0.01,0.01
ISIC_0034618,0.01,0.01,0.94,0.01,0.01,0.01,0.01
ISIC_0034619,0.01,0.94,0.01,0.01,0.01,0.01,0.01
ISIC_0034620,0.01,0.94,0.01,0.01,0.01,0.01,0.01
ISIC_0034621,0.01,0.01,0.01,0.01,0.01,0.01,0.94
ISIC_0034622,0.01,0.01,0.01,0.01,0.94,0.01,0.01
ISIC_0034623,0.01,0.94,0.01,0.01,0.01,0.01,0.01
ISIC_0034624,0.01,0.94,0.01,0.01,0.01,0.01,0.01
ISIC_0034625,0.01,0.94,0.01,0.01,0.01,0.01,0.01
ISIC_0034626,0.01,0.94,0.01,0.01,0.01,0.01,0.01
ISIC_0034627,0.01,0.01,0.01,0.94,0.01,0.01,0.01
ISIC_0034628,0.94,0.01,0.01,0.01,0.01,0.01,0.01
ISIC_0034629,0.94,0.01,0.01,0.01,0.01,0.01,0.01
ISIC_0034630,0.94,0.01,0.01,0.01,0.01,0.01,0.01
ISIC_0034631,0.01,0.01,0.01,0.01,0.94,0.01,0.01
ISIC_0034632,0.01,0.94,0.01,0.01,0.01,0.01,0.01
ISIC_0034633,0.01,0.01,0.01,0.94,0.01,0.01,0.01
ISIC_0034634,0.01,0.94,0.01,0.01,0.01,0.01,0.01
ISIC_0034635,0.01,0.01,0.01,0.01,0.94,0.01,0.01
ISIC_0034636,0.01,0.94,0.01,0.01,0.01,0.01,0.01
ISIC_0034637,0.94,0.01,0.01,0.01,0.01,0.01,0.01
ISIC_0034638,0.94,0.01,0.01,0.01,0.01,0.01,0.01
ISIC_0034639,0.01,0.94,0.01,0.01,0.01,0.01,0.01
ISIC_0034640,0.01,0.94,0.01,0.01,0.01,0.01,0.01
ISIC_0034641,0.01,0.94,0.01,0.01,0.01,0.01,0.01
ISIC_0034642,0.01,0.01,0.01,0.01,0.94,0.01,0.01
ISIC_0034643,0.01,0.94,0.01,0.01,0.01,0.01,0.01
ISIC_0034644,0.94,0.01,0.01,0.01,0.01,0.01,0.01
ISIC_0034645,0.01,0.94,0.01,0.01,0.01,0.01,0.01
ISIC_0034646,0.01,0.01,0.01,0.01,0.94,0.01,0.01
ISIC_0034648,0.01,0.94,0.01,0.01,0.01,0.01,0.01
ISIC_0034649,0.01,0.94,0.01,0.01,0.01,0.01,0.01
ISIC_0034650,0.01,0.01,0.01,0.01,0.94,0.01,0.01
ISIC_0034651,0.01,0.01,0.01,0.01,0.94,0.01,0.01
ISIC_0034652,0.01,0.01,0.94,0.01,0.01,0.01,0.01
ISIC_0034653,0.01,0.94,0.01,0.01,0.01,0.01,0.01
ISIC_0034654,0.01,0.94,0.01,0.01,0.01,0.01,0.01
ISIC_0034655,0.01,0.01,0.01,0.01,0.94,0.01,0.01
ISIC_0034656,0.01,0.01,0.01,0.01,0.01,0.94,0.01
ISIC_0034657,0.94,0.01,0.01,0.01,0.01,0.01,0.01
ISIC_0034658,0.01,0.94,0.01,0.01,0.01,0.01,0.01
ISIC_0034659,0.01,0.94,0.01,0.01,0.01,0.01,0.01
ISIC_0034660,0.01,0.94,0.01,0.01,0.01,0.01,0.01
ISIC_0034661,0.94,0.01,0.01,0.01,0.01,0.01,0.01
ISIC_0034662,0.01,0.94,0.01,0.01,0.01,0.01,0.01
ISIC_0034663,0.01,0.01,0.01,0.01,0.94,0.01,0.01
ISIC_0034664,0.01,0.94,0.01,0.01,0.01,0.01,0.01
ISIC_0034665,0.01,0.94,0.01,0.01,0.01,0.01,0.01
ISIC_0034666,0.01,0.01,0.01,0.01,0.01,0.01,0.94
ISIC_0034667,0.01,0.94,0.01,0.01,0.01,0.01,0.01
ISIC_0034668,0.01,0.94,0.01,0.01,0.01,0.01,0.01
ISIC_0034669,0.01,0.01,0.94,0.01,0.01,0.01,0.01
ISIC_0034670,0.01,0.01,0.01,0.01,0.94,0.01,0.01
ISIC_0034671,0.01,0.94,0.01,0.01,0.01,0.01,0.01
ISIC_0034672,0.94,0.01,0.01,0.01,0.01,0.01,0.01
ISIC_0034674,0.94,0.01,0.01,0.01,0.01,0.01,0.01
ISIC_0034675,0.94,0.01,0.01,0.01,0.01,0.01,0.01
ISIC_0034676,0.01,0.94,0.01,0.01,0.01,0.01,0.01
ISIC_0034677,0.01,0.01,0.01,0.01,0.01,0.94,0.01
ISIC_0034678,0.01,0.94,0.01,0.01,0.01,0.01,0.01
ISIC_0034679,0.01,0.01,0.94,0.01,0.01,0.01,0.01
ISIC_0034680,0.94,0.01,0.01,0.01,0.01,0.01,0.01
ISIC_0034681,0.01,0.94,0.01,0.01,0.01,0.01,0.01
ISIC_0034682,0.01,0.01,0.01,0.94,0.01,0.01,0.01
ISIC_0034683,0.01,0.94,0.01,0.01,0.01,0.01,0.01
ISIC_0034684,0.01,0.01,0.01,0.01,0.94,0.01,0.01
ISIC_0034685,0.01,0.01,0.94,0.01,0.01,0.01,0.01
ISIC_0034686,0.01,0.01,0.01,0.01,0.94,0.01,0.01
ISIC_0034687,0.94,0.01,0.01,0.01,0.01,0.01,0.01
ISIC_0034688,0.01,0.94,0.01,0.01,0.01,0.01,0.01
ISIC_0034689,0.01,0.94,0.01,0.01,0.01,0.01,0.01
ISIC_0034690,0.01,0.94,0.01,0.01,0.01,0.01,0.01
ISIC_0034691,0.01,0.01,0.01,0.01,0.94,0.01,0.01
ISIC_0034692,0.01,0.01,0.01,0.94,0.01,0.01,0.01
ISIC_0034693,0.01,0.01,0.01,0.01,0.01,0.94,0.01
ISIC_0034694,0.01,0.01,0.94,0.01,0.01,0.01,0.01
ISIC_0034695,0.01,0.01,0.94,0.01,0.01,0.01,0.01
ISIC_0034696,0.01,0.94,0.01,0.01,0.01,0.01,0.01
ISIC_0034697,0.01,0.94,0.01,0.01,0.01,0.01,0.01
ISIC_0034698,0.01,0.01,0.01,0.01,0.01,0.94,0.01
ISIC_0034699,0.01,0.01,0.94,0.01,0.01,0.01,0.01
ISIC_0034700,0.01,0.94,0.01,0.01,0.01,0.01,0.01
ISIC_0034701,0.01,0.94,0.01,0.01,0.01,0.01,0.01
ISIC_0034702,0.01,0.94,0.01,0.01,0.01,0.01,0.01
ISIC_0034703,0.01,0.94,0.01,0.01,0.01,0.01,0.01
ISIC_0034704,0.01,0.94,0.01,0.01,0.01,0.01,0.01
ISIC_0034705,0.94,0.01,0.01,0.01,0.01,0.01,0.01
ISIC_0034706,0.01,0.01,0.01,0.01,0.94,0.01,0.01
ISIC_0034707,0.01,0.94,0.01,0.01,0.01,0.01,0.01
ISIC_0034708,0.01,0.94,0.01,0.01,0.01,0.01,0.01
ISIC_0034709,0.01,0.94,0.01,0.01,0.01,0.01,0.01
ISIC_0034710,0.01,0.01,0.01,0.01,0.94,0.01,0.01
ISIC_0034711,0.01,0.01,0.01,0.01,0.94,0.01,0.01
ISIC_0034712,0.01,0.01,0.94,0.01,0.01,0.01,0.01
ISIC_0034713,0.94,0.01,0.01,0.01,0.01,0.01,0.01
ISIC_0034714,0.94,0.01,0.01,0.01,0.01,0.01,0.01
ISIC_0034715,0.01,0.94,0.01,0.01,0.01,0.01,0.01
ISIC_0034716,0.01,0.94,0.01,0.01,0.01,0.01,0.01
ISIC_0034717,0.94,0.01,0.01,0.01,0.01,0.01,0.01
ISIC_0034718,0.01,0.94,0.01,0.01,0.01,0.01,0.01
ISIC_0034719,0.01,0.01,0.01,0.01,0.94,0.01,0.01
ISIC_0034720,0.01,0.01,0.94,0.01,0.01,0.01,0.01
ISIC_0034721,0.01,0.94,0.01,0.01,0.01,0.01,0.01
ISIC_0034722,0.01,0.94,0.01,0.01,0.01,0.01,0.01
ISIC_0034723,0.01,0.01,0.01,0.01,0.94,0.01,0.01
ISIC_0034724,0.01,0.01,0.01,0.01,0.94,0.01,0.01
ISIC_0034725,0.94,0.01,0.01,0.01,0.01,0.01,0.01
ISIC_0034726,0.01,0.94,0.01,0.01,0.01,0.01,0.01
ISIC_0034727,0.01,0.94,0.01,0.01,0.01,0.01,0.01
ISIC_0034728,0.01,0.94,0.01,0.01,0.01,0.01,0.01
ISIC_0034729,0.01,0.94,0.01,0.01,0.01,0.01,0.01
ISIC_0034730,0.01,0.94,0.01,0.01,0.01,0.01,0.01
ISIC_0034731,0.01,0.01,0.94,0.01,0.01,0.01,0.01
ISIC_0034732,0.94,0.01,0.01,0.01,0.01,0.01,0.01
ISIC_0034733,0.01,0.01,0.01,0.94,0.01,0.01,0.01
ISIC_0034734,0.01,0.01,0.01,0.01,0.01,0.01,0.94
ISIC_0034735,0.01,0.94,0.01,0.01,0.01,0.01,0.01
ISIC_0034736,0.94,0.01,0.01,0.01,0.01,0.01,0.01
ISIC_0034737,0.01,0.01,0.01,0.94,0.01,0.01,0.01
ISIC_0034738,0.01,0.94,0.01,0.01,0.01,0.01,0.01
ISIC_0034739,0.01,0.01,0.01,0.01,0.01,0.01,0.94
ISIC_0034740,0.01,0.94,0.01,0.01,0.01,0.01,0.01
ISIC_0034741,0.01,0.94,0.01,0.01,0.01,0.01,0.01
ISIC_0034742,0.01,0.94,0.01,0.01,0.01,0.01,0.01
ISIC_0034743,0.94,0.01,0.01,0.01,0.01,0.01,0.01
ISIC_0034744,0.01,0.94,0.01,0.01,0.01,0.01,0.01
ISIC_0034745,0.01,0.94,0.01,0.01,0.01,0.01,0.01
ISIC_0034746,0.01,0.01,0.94,0.01,0.01,0.01,0.01
ISIC_0034747,0.01,0.94,0.01,0.01,0.01,0.01,0.01
ISIC_0034748,0.01,0.01,0.01,0.94,0.01,0.01,0.01
ISIC_0034749,0.01,0.94,0.01,0.01,0.01,0.01,0.01
ISIC_0034750,0.01,0.01,0.01,0.01,0.94,0.01,0.01
ISIC_0034751,0.01,0.01,0.01,0.01,0.94,0.01,0.01
ISIC_0034752,0.01,0.94,0.01,0.01,0.01,0.01,0.01
ISIC_0034753,0.01,0.01,0.94,0.01,0.01,0.01,0.01
ISIC_0034754,0.01,0.94,0.01,0.01,0.01,0.01,0.01
ISIC_0034755,0.94,0.01,0.01,0.01,0.01,0.01,0.01
ISIC_0034756,0.01,0.94,0.01,0.01,0.01,0.01,0.01
ISIC_0034757,0.01,0.94,0.01,0.01,0.01,0.01,0.01
ISIC_0034758,0.01,0.01,0.01,0.01,0.94,0.01,0.01
ISIC_0034759,0.01,0.01,0.94,0.01,0.01,0.01,0.01
ISIC_0034760,0.01,0.01,0.01,0.01,0.01,0.01,0.94
ISIC_0034761,0.01,0.94,0.01,0.01,0.01,0.01,0.01
ISIC_0034762,0.01,0.94,0.01,0.01,0.01,0.01,0.01
ISIC_0034763,0.01,0.94,0.01,0.01,0.01,0.01,0.01
ISIC_0034764,0.94,0.01,0.01,0.01,0.01,0.01,0.01
ISIC_0034765,0.94,0.01,0.01,0.01,0.01,0.01,0.01
ISIC_0034766,0.01,0.01,0.01,0.01,0.01,0.01,0.94
ISIC_0034767,0.01,0.94,0.01,0.01,0.01,0.01,0.01
ISIC_0034768,0.01,0.94,0.01,0.01,0.01,0.01,0.01
ISIC_0034769,0.01,0.94,0.01,0.01,0.01,0.01,0.01
ISIC_0034770,0.01,0.01,0.01,0.01,0.94,0.01,0.01
ISIC_0034771,0.94,0.01,0.01,0.01,0.01,0.01,0.01
ISIC_0034772,0.01,0.94,0.01,0.01,0.01,0.01,0.01
ISIC_0034773,0.01,0.94,0.01,0.01,0.01,0.01,0.01
ISIC_0034774,0.01,0.94,0.01,0.01,0.01,0.01,0.01
ISIC_0034776,0.01,0.94,0.01,0.01,0.01,0.01,0.01
ISIC_0034777,0.94,0.01,0.01,0.01,0.01,0.01,0.01
ISIC_0034778,0.01,0.94,0.01,0.01,0.01,0.01,0.01
ISIC_0034779,0.01,0.94,0.01,0.01,0.01,0.01,0.01
ISIC_0034780,0.01,0.94,0.01,0.01,0.01,0.01,0.01
ISIC_0034781,0.01,0.94,0.01,0.01,0.01,0.01,0.01
ISIC_0034782,0.01,0.01,0.01,0.01,0.94,0.01,0.01
ISIC_0034783,0.01,0.01,0.94,0.01,0.01,0.01,0.01
ISIC_0034784,0.94,0.01,0.01,0.01,0.01,0.01,0.01
ISIC_0034785,0.01,0.01,0.01,0.01,0.01,0.01,0.94
ISIC_0034786,0.94,0.01,0.01,0.01,0.01,0.01,0.01
ISIC_0034787,0.01,0.94,0.01,0.01,0.01,0.01,0.01
ISIC_0034788,0.01,0.94,0.01,0.01,0.01,0.01,0.01
ISIC_0034789,0.01,0.94,0.01,0.01,0.01,0.01,0.01
ISIC_0034790,0.01,0.94,0.01,0.01,0.01,0.01,0.01
ISIC_0034791,0.94,0.01,0.01,0.01,0.01,0.01,0.01
ISIC_0034792,0.94,0.01,0.01,0.01,0.01,0.01,0.01
ISIC_0034793,0.94,0.01,0.01,0.01,0.01,0.01,0.01
ISIC_0034794,0.01,0.01,0.01,0.01,0.94,0.01,0.01
ISIC_0034795,0.01,0.01,0.94,0.01,0.01,0.01,0.01
ISIC_0034797,0.01,0.01,0.94,0.01,0.01,0.01,0.01
ISIC_0034798,0.01,0.94,0.01,0.01,0.01,0.01,0.01
ISIC_0034800,0.01,0.94,0.01,0.01,0.01,0.01,0.01
ISIC_0034801,0.01,0.94,0.01,0.01,0.01,0.01,0.01
ISIC_0034802,0.01,0.01,0.01,0.01,0.94,0.01,0.01
ISIC_0034803,0.01,0.01,0.01,0.01,0.94,0.01,0.01
ISIC_0034804,0.94,0.01,0.01,0.01,0.01,0.01,0.01
ISIC_0034805,0.01,0.01,0.01,0.01,0.01,0.01,0.94
ISIC_0034806,0.94,0.01,0.01,0.01,0.01,0.01,0.01
ISIC_0034807,0.01,0.94,0.01,0.01,0.01,0.01,0.01
ISIC_0034808,0.01,0.94,0.01,0.01,0.01,0.01,0.01
ISIC_0034809,0.01,0.94,0.01,0.01,0.01,0.01,0.01
ISIC_0034810,0.01,0.94,0.01,0.01,0.01,0.01,0.01
ISIC_0034811,0.01,0.94,0.01,0.01,0.01,0.01,0.01
ISIC_0034812,0.01,0.01,0.01,0.01,0.01,0.01,0.94
ISIC_0034813,0.94,0.01,0.01,0.01,0.01,0.01,0.01
ISIC_0034814,0.01,0.01,0.94,0.01,0.01,0.01,0.01
ISIC_0034815,0.94,0.01,0.01,0.01,0.01,0.01,0.01
ISIC_0034816,0.01,0.94,0.01,0.01,0.01,0.01,0.01
ISIC_0034817,0.01,0.01,0.01,0.01,0.01,0.01,0.94
ISIC_0034818,0.94,0.01,0.01,0.01,0.01,0.01,0.01
ISIC_0034819,0.01,0.01,0.01,0.01,0.01,0.94,0.01
ISIC_0034820,0.01,0.01,0.01,0.01,0.01,0.94,0.01
ISIC_0034821,0.01,0.01,0.01,0.01,0.01,0.94,0.01
ISIC_0034822,0.01,0.01,0.01,0.01,0.94,0.01,0.01
ISIC_0034823,0.01,0.94,0.01,0.01,0.01,0.01,0.01
ISIC_0034824,0.01,0.94,0.01,0.01,0.01,0.01,0.01
ISIC_0034825,0.01,0.01,0.94,0.01,0.01,0.01,0.01
ISIC_0034826,0.01,0.01,0.01,0.01,0.01,0.01,0.94
ISIC_0034827,0.01,0.94,0.01,0.01,0.01,0.01,0.01
ISIC_0034828,0.94,0.01,0.01,0.01,0.01,0.01,0.01
ISIC_0034829,0.01,0.94,0.01,0.01,0.01,0.01,0.01
ISIC_0034830,0.01,0.94,0.01,0.01,0.01,0.01,0.01
ISIC_0034831,0.01,0.94,0.01,0.01,0.01,0.01,0.01
ISIC_0034832,0.01,0.01,0.01,0.94,0.01,0.01,0.01
ISIC_0034833,0.01,0.01,0.01,0.01,0.94,0.01,0.01
ISIC_0034834,0.94,0.01,0.01,0.01,0.01,0.01,0.01
ISIC_0034835,0.01,0.94,0.01,0.01,0.01,0.01,0.01
ISIC_0034836,0.01,0.01,0.01,0.94,0.01,0.01,0.01
ISIC_0034837,0.01,0.94,0.01,0.01,0.01,0.01,0.01
ISIC_0034838,0.01,0.94,0.01,0.01,0.01,0.01,0.01
ISIC_0034839,0.01,0.01,0.01,0.01,0.01,0.94,0.01
ISIC_0034840,0.01,0.01,0.94,0.01,0.01,0.01,0.01
ISIC_0034841,0.94,0.01,0.01,0.01,0.01,0.01,0.01
ISIC_0034842,0.01,0.01,0.94,0.01,0.01,0.01,0.01
ISIC_0034843,0.94,0.01,0.01,0.01,0.01,0.01,0.01
ISIC_0034844,0.01,0.94,0.01,0.01,0.01,0.01,0.01
ISIC_0034845,0.01,0.94,0.01,0.01,0.01,0.01,0.01
ISIC_0034846,0.01,0.94,0.01,0.01,0.01,0.01,0.01
ISIC_0034847,0.01,0.01,0.01,0.01,0.01,0.01,0.94
ISIC_0034848,0.01,0.94,0.01,0.01,0.01,0.01,0.01
ISIC_0034849,0.01,0.01,0.01,0.01,0.94,0.01,0.01
ISIC_0034850,0.01,0.01,0.01,0.01,0.94,0.01,0.01
ISIC_0034851,0.01,0.94,0.01,0.01,0.01,0.01,0.01
ISIC_0034852,0.01,0.01,0.01,0.94,0.01,0.01,0.01
ISIC_0034853,0.01,0.94,0.01,0.01,0.01,0.01,0.01
ISIC_0034854,0.01,0.94,0.01,0.01,0.01,0.01,0.01
ISIC_0034855,0.01,0.94,0.01,0.01,0.01,0.01,0.01
ISIC_0034856,0.01,0.01,0.01,0.01,0.01,0.01,0.94
ISIC_0034857,0.01,0.01,0.01,0.01,0.01,0.01,0.94
ISIC_0034858,0.01,0.01,0.94,0.01,0.01,0.01,0.01
ISIC_0034859,0.94,0.01,0.01,0.01,0.01,0.01,0.01
ISIC_0034860,0.01,0.94,0.01,0.01,0.01,0.01,0.01
ISIC_0034861,0.01,0.94,0.01,0.01,0.01,0.01,0.01
ISIC_0034862,0.01,0.94,0.01,0.01,0.01,0.01,0.01
ISIC_0034863,0.01,0.01,0.01,0.01,0.01,0.94,0.01
ISIC_0034864,0.94,0.01,0.01,0.01,0.01,0.01,0.01
ISIC_0034865,0.01,0.94,0.01,0.01,0.01,0.01,0.01
ISIC_0034866,0.01,0.94,0.01,0.01,0.01,0.01,0.01
ISIC_0034867,0.01,0.94,0.01,0.01,0.01,0.01,0.01
ISIC_0034868,0.01,0.94,0.01,0.01,0.01,0.01,0.01
ISIC_0034869,0.01,0.94,0.01,0.01,0.01,0.01,0.01
ISIC_0034870,0.01,0.01,0.94,0.01,0.01,0.01,0.01
ISIC_0034871,0.94,0.01,0.01,0.01,0.01,0.01,0.01
ISIC_0034872,0.01,0.94,0.01,0.01,0.01,0.01,0.01
ISIC_0034873,0.01,0.01,0.01,0.01,0.94,0.01,0.01
ISIC_0034874,0.01,0.01,0.94,0.01,0.01,0.01,0.01
ISIC_0034875,0.01,0.01,0.01,0.01,0.94,0.01,0.01
ISIC_0034876,0.01,0.01,0.01,0.01,0.94,0.01,0.01
ISIC_0034877,0.01,0.94,0.01,0.01,0.01,0.01,0.01
ISIC_0034878,0.01,0.94,0.01,0.01,0.01,0.01,0.01
ISIC_0034879,0.01,0.01,0.01,0.01,0.01,0.01,0.94
ISIC_0034880,0.01,0.94,0.01,0.01,0.01,0.01,0.01
ISIC_0034881,0.01,0.94,0.01,0.01,0.01,0.01,0.01
ISIC_0034882,0.94,0.01,0.01,0.01,0.01,0.01,0.01
ISIC_0034883,0.01,0.94,0.01,0.01,0.01,0.01,0.01
ISIC_0034884,0.94,0.01,0.01,0.01,0.01,0.01,0.01
ISIC_0034885,0.94,0.01,0.01,0.01,0.01,0.01,0.01
ISIC_0034886,0.01,0.94,0.01,0.01,0.01,0.01,0.01
ISIC_0034887,0.01,0.01,0.94,0.01,0.01,0.01,0.01
ISIC_0034888,0.01,0.01,0.94,0.01,0.01,0.01,0.01
ISIC_0034889,0.01,0.94,0.01,0.01,0.01,0.01,0.01
ISIC_0034890,0.01,0.94,0.01,0.01,0.01,0.01,0.01
ISIC_0034891,0.01,0.01,0.94,0.01,0.01,0.01,0.01
ISIC_0034892,0.01,0.94,0.01,0.01,0.01,0.01,0.01
ISIC_0034893,0.01,0.94,0.01,0.01,0.01,0.01,0.01
ISIC_0034894,0.01,0.94,0.01,0.01,0.01,0.01,0.01
ISIC_0034895,0.01,0.01,0.94,0.01,0.01,0.01,0.01
ISIC_0034896,0.01,0.01,0.94,0.01,0.01,0.01,0.01
ISIC_0034897,0.94,0.01,0.01,0.01,0.01,0.01,0.01
ISIC_0034898,0.01,0.01,0.94,0.01,0.01,0.01,0.01
ISIC_0034899,0.01,0.01,0.94,0.01,0.01,0.01,0.01
ISIC_0034900,0.01,0.94,0.01,0.01,0.01,0.01,0.01
ISIC_0034901,0.94,0.01,0.01,0.01,0.01,0.01,0.01
ISIC_0034902,0.01,0.94,0.01,0.01,0.01,0.01,0.01
ISIC_0034903,0.01,0.94,0.01,0.01,0.01,0.01,0.01
ISIC_0034904,0.94,0.01,0.01,0.01,0.01,0.01,0.01
ISIC_0034905,0.01,0.01,0.01,0.01,0.01,0.01,0.94
ISIC_0034906,0.01,0.01,0.94,0.01,0.01,0.01,0.01
ISIC_0034907,0.01,0.01,0.94,0.01,0.01,0.01,0.01
ISIC_0034908,0.01,0.94,0.01,0.01,0.01,0.01,0.01
ISIC_0034909,0.01,0.94,0.01,0.01,0.01,0.01,0.01
ISIC_0034910,0.01,0.01,0.01,0.01,0.01,0.01,0.94
ISIC_0034911,0.01,0.01,0.01,0.01,0.01,0.01,0.94
ISIC_0034912,0.01,0.94,0.01,0.01,0.01,0.01,0.01
ISIC_0034913,0.01,0.94,0.01,0.01,0.01,0.01,0.01
ISIC_0034914,0.94,0.01,0.01,0.01,0.01,0.01,0.01
ISIC_0034915,0.01,0.01,0.01,0.01,0.01,0.01,0.94
ISIC_0034916,0.01,0.94,0.01,0.01,0.01,0.01,0.01
ISIC_0034917,0.01,0.94,0.01,0.01,0.01,0.01,0.01
ISIC_0034918,0.94,0.01,0.01,0.01,0.01,0.01,0.01
ISIC_0034919,0.01,0.94,0.01,0.01,0.01,0.01,0.01
ISIC_0034920,0.01,0.94,0.01,0.01,0.01,0.01,0.01
ISIC_0034921,0.94,0.01,0.01,0.01,0.01,0.01,0.01
ISIC_0034922,0.01,0.94,0.01,0.01,0.01,0.01,0.01
ISIC_0034923,0.01,0.94,0.01,0.01,0.01,0.01,0.01
ISIC_0034924,0.01,0.94,0.01,0.01,0.01,0.01,0.01
ISIC_0034925,0.01,0.94,0.01,0.01,0.01,0.01,0.01
ISIC_0034926,0.01,0.01,0.94,0.01,0.01,0.01,0.01
ISIC_0034927,0.94,0.01,0.01,0.01,0.01,0.01,0.01
ISIC_0034928,0.01,0.94,0.01,0.01,0.01,0.01,0.01
ISIC_0034930,0.01,0.01,0.01,0.94,0.01,0.01,0.01
ISIC_0034931,0.01,0.01,0.01,0.01,0.01,0.01,0.94
ISIC_0034932,0.01,0.94,0.01,0.01,0.01,0.01,0.01
ISIC_0034933,0.01,0.94,0.01,0.01,0.01,0.01,0.01
ISIC_0034934,0.01,0.01,0.01,0.01,0.94,0.01,0.01
ISIC_0034935,0.94,0.01,0.01,0.01,0.01,0.01,0.01
ISIC_0034936,0.01,0.01,0.94,0.01,0.01,0.01,0.01
ISIC_0034937,0.01,0.01,0.01,0.01,0.01,0.01,0.94
ISIC_0034938,0.01,0.94,0.01,0.01,0.01,0.01,0.01
ISIC_0034939,0.01,0.01,0.94,0.01,0.01,0.01,0.01
ISIC_0034940,0.01,0.94,0.01,0.01,0.01,0.01,0.01
ISIC_0034941,0.01,0.94,0.01,0.01,0.01,0.01,0.01
ISIC_0034942,0.01,0.94,0.01,0.01,0.01,0.01,0.01
ISIC_0034943,0.01,0.94,0.01,0.01,0.01,0.01,0.01
ISIC_0034944,0.94,0.01,0.01,0.01,0.01,0.01,0.01
ISIC_0034945,0.01,0.94,0.01,0.01,0.01,0.01,0.01
ISIC_0034946,0.01,0.01,0.94,0.01,0.01,0.01,0.01
ISIC_0034947,0.01,0.94,0.01,0.01,0.01,0.01,0.01
ISIC_0034948,0.01,0.01,0.94,0.01,0.01,0.01,0.01
ISIC_0034949,0.01,0.01,0.01,0.94,0.01,0.01,0.01
ISIC_0034950,0.01,0.94,0.01,0.01,0.01,0.01,0.01
ISIC_0034951,0.01,0.01,0.94,0.01,0.01,0.01,0.01
ISIC_0034952,0.01,0.01,0.94,0.01,0.01,0.01,0.01
ISIC_0034953,0.01,0.01,0.94,0.01,0.01,0.01,0.01
ISIC_0034954,0.01,0.01,0.01,0.01,0.01,0.01,0.94
ISIC_0034955,0.01,0.01,0.01,0.01,0.94,0.01,0.01
ISIC_0034956,0.01,0.94,0.01,0.01,0.01,0.01,0.01
ISIC_0034957,0.01,0.01,0.01,0.94,0.01,0.01,0.01
ISIC_0034958,0.01,0.01,0.01,0.01,0.94,0.01,0.01
ISIC_0034959,0.01,0.01,0.01,0.94,0.01,0.01,0.01
ISIC_0034960,0.01,0.01,0.01,0.01,0.94,0.01,0.01
ISIC_0034961,0.01,0.01,0.94,0.01,0.01,0.01,0.01
ISIC_0034962,0.01,0.94,0.01,0.01,0.01,0.01,0.01
ISIC_0034964,0.94,0.01,0.01,0.01,0.01,0.01,0.01
ISIC_0034965,0.01,0.94,0.01,0.01,0.01,0.01,0.01
ISIC_0034966,0.01,0.01,0.01,0.01,0.01,0.01,0.94
ISIC_0034967,0.94,0.01,0.01,0.01,0.01,0.01,0.01
ISIC_0034968,0.01,0.94,0.01,0.01,0.01,0.01,0.01
ISIC_0034970,0.01,0.01,0.01,0.94,0.01,0.01,0.01
ISIC_0034971,0.94,0.01,0.01,0.01,0.01,0.01,0.01
ISIC_0034972,0.01,0.01,0.01,0.01,0.94,0.01,0.01
ISIC_0034973,0.01,0.94,0.01,0.01,0.01,0.01,0.01
ISIC_0034974,0.01,0.94,0.01,0.01,0.01,0.01,0.01
ISIC_0034975,0.01,0.94,0.01,0.01,0.01,0.01,0.01
ISIC_0034976,0.01,0.94,0.01,0.01,0.01,0.01,0.01
ISIC_0034977,0.01,0.94,0.01,0.01,0.01,0.01,0.01
ISIC_0034978,0.01,0.94,0.01,0.01,0.01,0.01,0.01
ISIC_0034979,0.01,0.94,0.01,0.01,0.01,0.01,0.01
ISIC_0034980,0.01,0.01,0.01,0.01,0.94,0.01,0.01
ISIC_0034982,0.01,0.01,0.94,0.01,0.01,0.01,0.01
ISIC_0034983,0.01,0.01,0.01,0.01,0.01,0.94,0.01
ISIC_0034984,0.01,0.94,0.01,0.01,0.01,0.01,0.01
ISIC_0034985,0.01,0.01,0.01,0.01,0.01,0.94,0.01
ISIC_0034986,0.01,0.94,0.01,0.01,0.01,0.01,0.01
ISIC_0034987,0.01,0.01,0.01,0.01,0.94,0.01,0.01
ISIC_0034988,0.94,0.01,0.01,0.01,0.01,0.01,0.01
ISIC_0034989,0.01,0.94,0.01,0.01,0.01,0.01,0.01
ISIC_0034990,0.01,0.94,0.01,0.01,0.01,0.01,0.01
ISIC_0034991,0.01,0.94,0.01,0.01,0.01,0.01,0.01
ISIC_0034992,0.01,0.01,0.01,0.01,0.94,0.01,0.01
ISIC_0034993,0.01,0.01,0.01,0.01,0.94,0.01,0.01
ISIC_0034994,0.01,0.01,0.01,0.01,0.01,0.01,0.94
ISIC_0034995,0.01,0.01,0.01,0.01,0.94,0.01,0.01
ISIC_0034996,0.94,0.01,0.01,0.01,0.01,0.01,0.01
ISIC_0034997,0.01,0.01,0.01,0.01,0.94,0.01,0.01
ISIC_0034998,0.94,0.01,0.01,0.01,0.01,0.01,0.01
ISIC_0034999,0.01,0.01,0.94,0.01,0.01,0.01,0.01
ISIC_0035000,0.94,0.01,0.01,0.01,0.01,0.01,0.01
ISIC_0035001,0.01,0.01,0.94,0.01,0.01,0.01,0.01
ISIC_0035002,0.01,0.94,0.01,0.01,0.01,0.01,0.01
ISIC_0035003,0.01,0.94,0.01,0.01,0.01,0.01,0.01
ISIC_0035004,0.01,0.01,0.01,0.01,0.01,0.94,0.01
ISIC_0035005,0.94,0.01,0.01,0.01,0.01,0.01,0.01
ISIC_0035006,0.01,0.94,0.01,0.01,0.01,0.01,0.01
ISIC_0035007,0.01,0.94,0.01,0.01,0.01,0.01,0.01
ISIC_0035008,0.01,0.01,0.01,0.01,0.94,0.01,0.01
ISIC_0035009,0.94,0.01,0.01,0.01,0.01,0.01,0.01
ISIC_0035010,0.01,0.01,0.01,0.01,0.94,0.01,0.01
ISIC_0035011,0.01,0.01,0.01,0.01,0.01,0.94,0.01
ISIC_0035012,0.01,0.01,0.01,0.01,0.94,0.01,0.01
ISIC_0035013,0.01,0.94,0.01,0.01,0.01,0.01,0.01
ISIC_0035014,0.01,0.94,0.01,0.01,0.01,0.01,0.01
ISIC_0035015,0.01,0.94,0.01,0.01,0.01,0.01,0.01
ISIC_0035016,0.01,0.94,0.01,0.01,0.01,0.01,0.01
ISIC_0035017,0.01,0.94,0.01,0.01,0.01,0.01,0.01
ISIC_0035018,0.01,0.01,0.01,0.01,0.94,0.01,0.01
ISIC_0035019,0.01,0.94,0.01,0.01,0.01,0.01,0.01
ISIC_0035020,0.01,0.94,0.01,0.01,0.01,0.01,0.01
ISIC_0035021,0.94,0.01,0.01,0.01,0.01,0.01,0.01
ISIC_0035022,0.01,0.94,0.01,0.01,0.01,0.01,0.01
ISIC_0035023,0.94,0.01,0.01,0.01,0.01,0.01,0.01
ISIC_0035024,0.01,0.94,0.01,0.01,0.01,0.01,0.01
ISIC_0035025,0.01,0.94,0.01,0.01,0.01,0.01,0.01
ISIC_0035026,0.01,0.01,0.94,0.01,0.01,0.01,0.01
ISIC_0035027,0.01,0.94,0.01,0.01,0.01,0.01,0.01
ISIC_0035028,0.01,0.01,0.01,0.01,0.94,0.01,0.01
ISIC_0035029,0.01,0.01,0.01,0.94,0.01,0.01,0.01
ISIC_0035030,0.01,0.94,0.01,0.01,0.01,0.01,0.01
ISIC_0035031,0.01,0.94,0.01,0.01,0.01,0.01,0.01
ISIC_0035032,0.01,0.01,0.01,0.01,0.94,0.01,0.01
ISIC_0035033,0.01,0.01,0.01,0.01,0.01,0.01,0.94
ISIC_0035034,0.01,0.94,0.01,0.01,0.01,0.01,0.01
ISIC_0035035,0.01,0.01,0.01,0.01,0.01,0.01,0.94
ISIC_0035036,0.01,0.94,0.01,0.01,0.01,0.01,0.01
ISIC_0035037,0.01,0.01,0.01,0.01,0.94,0.01,0.01
ISIC_0035038,0.94,0.01,0.01,0.01,0.01,0.01,0.01
ISIC_0035039,0.01,0.01,0.01,0.01,0.94,0.01,0.01
ISIC_0035040,0.01,0.01,0.01,0.01,0.94,0.01,0.01
ISIC_0035041,0.01,0.01,0.94,0.01,0.01,0.01,0.01
ISIC_0035042,0.01,0.01,0.01,0.01,0.01,0.01,0.94
ISIC_0035043,0.01,0.01,0.01,0.01,0.94,0.01,0.01
ISIC_0035044,0.94,0.01,0.01,0.01,0.01,0.01,0.01
ISIC_0035045,0.01,0.94,0.01,0.01,0.01,0.01,0.01
ISIC_0035046,0.01,0.01,0.01,0.01,0.94,0.01,0.01
ISIC_0035047,0.01,0.01,0.01,0.94,0.01,0.01,0.01
ISIC_0035048,0.01,0.01,0.01,0.01,0.94,0.01,0.01
ISIC_0035049,0.01,0.94,0.01,0.01,0.01,0.01,0.01
ISIC_0035050,0.94,0.01,0.01,0.01,0.01,0.01,0.01
ISIC_0035051,0.94,0.01,0.01,0.01,0.01,0.01,0.01
ISIC_0035052,0.01,0.94,0.01,0.01,0.01,0.01,0.01
ISIC_0035053,0.01,0.94,0.01,0.01,0.01,0.01,0.01
ISIC_0035054,0.01,0.01,0.01,0.01,0.01,0.01,0.94
ISIC_0035055,0.01,0.94,0.01,0.01,0.01,0.01,0.01
ISIC_0035056,0.01,0.94,0.01,0.01,0.01,0.01,0.01
ISIC_0035057,0.01,0.01,0.01,0.01,0.94,0.01,0.01
ISIC_0035058,0.01,0.94,0.01,0.01,0.01,0.01,0.01
ISIC_0035059,0.01,0.01,0.01,0.01,0.94,0.01,0.01
ISIC_0035060,0.01,0.94,0.01,0.01,0.01,0.01,0.01
ISIC_0035061,0.01,0.94,0.01,0.01,0.01,0.01,0.01
ISIC_0035062,0.01,0.94,0.01,0.01,0.01,0.01,0.01
ISIC_0035063,0.01,0.94,0.01,0.01,0.01,0.01,0.01
ISIC_0035064,0.01,0.94,0.01,0.01,0.01,0.01,0.01
ISIC_0035065,0.01,0.94,0.01,0.01,0.01,0.01,0.01
ISIC_0035066,0.01,0.94,0.01,0.01,0.01,0.01,0.01
ISIC_0035067,0.01,0.01,0.94,0.01,0.01,0.01,0.01
ISIC_0035068,0.01,0.94,0.01,0.01,0.01,0.01,0.01
ISIC_0035070,0.01,0.94,0.01,0.01,0.01,0.01,0.01
ISIC_0035071,0.01,0.94,0.01,0.01,0.01,0.01,0.01
ISIC_0035072,0.01,0.01,0.01,0.01,0.94,0.01,0.01
ISIC_0035073,0.01,0.01,0.01,0.01,0.94,0.01,0.01
ISIC_0035074,0.01,0.94,0.01,0.01,0.01,0.01,0.01
ISIC_0035075,0.01,0.01,0.01,0.01,0.94,0.01,0.01
ISIC_0035076,0.01,0.01,0.01,0.01,0.94,0.01,0.01
ISIC_0035077,0.01,0.94,0.01,0.01,0.01,0.01,0.01
ISIC_0035078,0.01,0.01,0.01,0.94,0.01,0.01,0.01
ISIC_0035079,0.01,0.01,0.01,0.01,0.01,0.94,0.01
ISIC_0035080,0.01,0.94,0.01,0.01,0.01,0.01,0.01
ISIC_0035081,0.01,0.01,0.01,0.01,0.94,0.01,0.01
ISIC_0035082,0.01,0.94,0.01,0.01,0.01,0.01,0.01
ISIC_0035083,0.01,0.94,0.01,0.01,0.01,0.01,0.01
ISIC_0035084,0.01,0.94,0.01,0.01,0.01,0.01,0.01
ISIC_0035085,0.01,0.01,0.01,0.94,0.01,0.01,0.01
ISIC_0035086,0.01,0.94,0.01,0.01,0.01,0.01,0.01
ISIC_0035087,0.01,0.94,0.01,0.01,0.01,0.01,0.01
ISIC_0035088,0.01,0.94,0.01,0.01,0.01,0.01,0.01
ISIC_0035089,0.94,0.01,0.01,0.01,0.01,0.01,0.01
ISIC_0035090,0.94,0.01,0.01,0.01,0.01,0.01,0.01
ISIC_0035091,0.94,0.01,0.01,0.01,0.01,0.01,0.01
ISIC_0035092,0.01,0.94,0.01,0.01,0.01,0.01,0.01
ISIC_0035093,0.01,0.94,0.01,0.01,0.01,0.01,0.01
ISIC_0035094,0.94,0.01,0.01,0.01,0.01,0.01,0.01
ISIC_0035095,0.01,0.01,0.01,0.01,0.94,0.01,0.01
ISIC_0035096,0.01,0.94,0.01,0.01,0.01,0.01,0.01
ISIC_0035097,0.94,0.01,0.01,0.01,0.01,0.01,0.01
ISIC_0035098,0.01,0.94,0.01,0.01,0.01,0.01,0.01
ISIC_0035099,0.01,0.01,0.01,0.01,0.94,0.01,0.01
ISIC_0035100,0.01,0.94,0.01,0.01,0.01,0.01,0.01
ISIC_0035101,0.01,0.01,0.01,0.01,0.94,0.01,0.01
ISIC_0035102,0.01,0.94,0.01,0.01,0.01,0.01,0.01
ISIC_0035103,0.01,0.94,0.01,0.01,0.01,0.01,0.01
ISIC_0035104,0.01,0.01,0.01,0.01,0.94,0.01,0.01
ISIC_0035105,0.01,0.01,0.94,0.01,0.01,0.01,0.01
ISIC_0035106,0.01,0.01,0.94,0.01,0.01,0.01,0.01
ISIC_0035107,0.01,0.94,0.01,0.01,0.01,0.01,0.01
ISIC_0035108,0.01,0.94,0.01,0.01,0.01,0.01,0.01
ISIC_0035109,0.01,0.01,0.01,0.01,0.94,0.01,0.01
ISIC_0035110,0.01,0.01,0.01,0.01,0.94,0.01,0.01
ISIC_0035111,0.01,0.94,0.01,0.01,0.01,0.01,0.01
ISIC_0035112,0.01,0.01,0.94,0.01,0.01,0.01,0.01
ISIC_0035113,0.01,0.94,0.01,0.01,0.01,0.01,0.01
ISIC_0035114,0.01,0.94,0.01,0.01,0.01,0.01,0.01
ISIC_0035115,0.01,0.01,0.01,0.01,0.94,0.01,0.01
ISIC_0035116,0.01,0.01,0.01,0.01,0.01,0.01,0.94
ISIC_0035117,0.01,0.01,0.94,0.01,0.01,0.01,0.01
ISIC_0035118,0.01,0.94,0.01,0.01,0.01,0.01,0.01
ISIC_0035119,0.01,0.01,0.94,0.01,0.01,0.01,0.01
ISIC_0035120,0.01,0.01,0.94,0.01,0.01,0.01,0.01
ISIC_0035121,0.01,0.94,0.01,0.01,0.01,0.01,0.01
ISIC_0035122,0.01,0.94,0.01,0.01,0.01,0.01,0.01
ISIC_0035123,0.01,0.94,0.01,0.01,0.01,0.01,0.01
ISIC_0035124,0.94,0.01,0.01,0.01,0.01,0.01,0.01
ISIC_0035125,0.01,0.01,0.01,0.01,0.01,0.01,0.94
ISIC_0035126,0.01,0.94,0.01,0.01,0.01,0.01,0.01
ISIC_0035127,0.01,0.01,0.94,0.01,0.01,0.01,0.01
ISIC_0035128,0.01,0.01,0.94,0.01,0.01,0.01,0.01
ISIC_0035129,0.94,0.01,0.01,0.01,0.01,0.01,0.01
ISIC_0035130,0.01,0.94,0.01,0.01,0.01,0.01,0.01
ISIC_0035131,0.01,0.01,0.01,0.01,0.94,0.01,0.01
ISIC_0035132,0.01,0.94,0.01,0.01,0.01,0.01,0.01
ISIC_0035133,0.01,0.94,0.01,0.01,0.01,0.01,0.01
ISIC_0035134,0.01,0.94,0.01,0.01,0.01,0.01,0.01
ISIC_0035135,0.01,0.94,0.01,0.01,0.01,0.01,0.01
ISIC_0035136,0.94,0.01,0.01,0.01,0.01,0.01,0.01
ISIC_0035137,0.01,0.94,0.01,0.01,0.01,0.01,0.01
ISIC_0035138,0.01,0.94,0.01,0.01,0.01,0.01,0.01
ISIC_0035139,0.94,0.01,0.01,0.01,0.01,0.01,0.01
ISIC_0035140,0.01,0.94,0.01,0.01,0.01,0.01,0.01
ISIC_0035142,0.01,0.01,0.01,0.01,0.94,0.01,0.01
ISIC_0035143,0.01,0.94,0.01,0.01,0.01,0.01,0.01
ISIC_0035144,0.01,0.94,0.01,0.01,0.01,0.01,0.01
ISIC_0035145,0.01,0.94,0.01,0.01,0.01,0.01,0.01
ISIC_0035146,0.01,0.94,0.01,0.01,0.01,0.01,0.01
ISIC_0035147,0.01,0.01,0.94,0.01,0.01,0.01,0.01
ISIC_0035148,0.94,0.01,0.01,0.01,0.01,0.01,0.01
ISIC_0035149,0.01,0.01,0.01,0.94,0.01,0.01,0.01
ISIC_0035150,0.01,0.01,0.94,0.01,0.01,0.01,0.01
ISIC_0035151,0.01,0.01,0.01,0.01,0.94,0.01,0.01
ISIC_0035152,0.94,0.01,0.01,0.01,0.01,0.01,0.01
ISIC_0035153,0.01,0.94,0.01,0.01,0.01,0.01,0.01
ISIC_0035154,0.01,0.01,0.94,0.01,0.01,0.01,0.01
ISIC_0035155,0.01,0.01,0.01,0.01,0.94,0.01,0.01
ISIC_0035156,0.01,0.01,0.01,0.01,0.01,0.01,0.94
ISIC_0035157,0.01,0.94,0.01,0.01,0.01,0.01,0.01
ISIC_0035158,0.01,0.94,0.01,0.01,0.01,0.01,0.01
ISIC_0035160,0.01,0.01,0.01,0.01,0.01,0.01,0.94
ISIC_0035161,0.01,0.94,0.01,0.01,0.01,0.01,0.01
ISIC_0035162,0.94,0.01,0.01,0.01,0.01,0.01,0.01
ISIC_0035163,0.94,0.01,0.01,0.01,0.01,0.01,0.01
ISIC_0035164,0.01,0.94,0.01,0.01,0.01,0.01,0.01
ISIC_0035165,0.01,0.94,0.01,0.01,0.01,0.01,0.01
ISIC_0035166,0.94,0.01,0.01,0.01,0.01,0.01,0.01
ISIC_0035167,0.01,0.94,0.01,0.01,0.01,0.01,0.01
ISIC_0035168,0.01,0.01,0.01,0.01,0.01,0.01,0.94
ISIC_0035169,0.01,0.94,0.01,0.01,0.01,0.01,0.01
ISIC_0035170,0.01,0.01,0.01,0.01,0.94,0.01,0.01
ISIC_0035171,0.01,0.01,0.01,0.94,0.01,0.01,0.01
ISIC_0035172,0.01,0.94,0.01,0.01,0.01,0.01,0.01
ISIC_0035173,0.01,0.94,0.01,0.01,0.01,0.01,0.01
ISIC_0035175,0.01,0.94,0.01,0.01,0.01,0.01,0.01
ISIC_0035176,0.01,0.94,0.01,0.01,0.01,0.01,0.01
ISIC_0035177,0.94,0.01,0.01,0.01,0.01,0.01,0.01
ISIC_0035178,0.01,0.94,0.01,0.01,0.01,0.01,0.01
ISIC_0035179,0.01,0.01,0.94,0.01,0.01,0.01,0.01
ISIC_0035180,0.01,0.01,0.01,0.01,0.94,0.01,0.01
ISIC_0035181,0.01,0.94,0.01,0.01,0.01,0.01,0.01
ISIC_0035182,0.01,0.94,0.01,0.01,0.01,0.01,0.01
ISIC_0035184,0.01,0.94,0.01,0.01,0.01,0.01,0.01
ISIC_0035185,0.01,0.01,0.01,0.94,0.01,0.01,0.01
ISIC_0035186,0.01,0.01,0.94,0.01,0.01,0.01,0.01
ISIC_0035187,0.01,0.94,0.01,0.01,0.01,0.01,0.01
ISIC_0035188,0.01,0.94,0.01,0.01,0.01,0.01,0.01
ISIC_0035189,0.94,0.01,0.01,0.01,0.01,0.01,0.01
ISIC_0035190,0.01,0.01,0.01,0.94,0.01,0.01,0.01
ISIC_0035191,0.01,0.94,0.01,0.01,0.01,0.01,0.01
ISIC_0035192,0.01,0.94,0.01,0.01,0.01,0.01,0.01
ISIC_0035193,0.01,0.94,0.01,0.01,0.01,0.01,0.01
ISIC_0035194,0.01,0.01,0.94,0.01,0.01,0.01,0.01
ISIC_0035195,0.01,0.94,0.01,0.01,0.01,0.01,0.01
ISIC_0035196,0.94,0.01,0.01,0.01,0.01,0.01,0.01
ISIC_0035197,0.94,0.01,0.01,0.01,0.01,0.01,0.01
ISIC_0035198,0.01,0.94,0.01,0.01,0.01,0.01,0.01
ISIC_0035199,0.01,0.01,0.01,0.01,0.94,0.01,0.01
ISIC_0035200,0.01,0.01,0.01,0.01,0.94,0.01,0.01
ISIC_0035201,0.01,0.94,0.01,0.01,0.01,0.01,0.01
ISIC_0035202,0.01,0.01,0.01,0.01,0.94,0.01,0.01
ISIC_0035204,0.01,0.01,0.01,0.94,0.01,0.01,0.01
ISIC_0035205,0.01,0.94,0.01,0.01,0.01,0.01,0.01
ISIC_0035206,0.01,0.01,0.94,0.01,0.01,0.01,0.01
ISIC_0035207,0.01,0.01,0.01,0.94,0.01,0.01,0.01
ISIC_0035208,0.01,0.94,0.01,0.01,0.01,0.01,0.01
ISIC_0035209,0.01,0.94,0.01,0.01,0.01,0.01,0.01
ISIC_0035210,0.01,0.01,0.94,0.01,0.01,0.01,0.01
ISIC_0035211,0.01,0.94,0.01,0.01,0.01,0.01,0.01
ISIC_0035212,0.01,0.01,0.01,0.01,0.94,0.01,0.01
ISIC_0035213,0.01,0.94,0.01,0.01,0.01,0.01,0.01
ISIC_0035214,0.01,0.94,0.01,0.01,0.01,0.01,0.01
ISIC_0035215,0.01,0.01,0.01,0.01,0.01,0.01,0.94
ISIC_0035216,0.01,0.01,0.01,0.01,0.94,0.01,0.01
ISIC_0035217,0.94,0.01,0.01,0.01,0.01,0.01,0.01
ISIC_0035218,0.01,0.01,0.01,0.01,0.94,0.01,0.01
ISIC_0035219,0.01,0.94,0.01,0.01,0.01,0.01,0.01
ISIC_0035220,0.94,0.01,0.01,0.01,0.01,0.01,0.01
ISIC_0035221,0.01,0.94,0.01,0.01,0.01,0.01,0.01
ISIC_0035222,0.01,0.94,0.01,0.01,0.01,0.01,0.01
ISIC_0035223,0.01,0.94,0.01,0.01,0.01,0.01,0.01
ISIC_0035224,0.94,0.01,0.01,0.01,0.01,0.01,0.01
ISIC_0035225,0.94,0.01,0.01,0.01,0.01,0.01,0.01
ISIC_0035226,0.01,0.01,0.94,0.01,0.01,0.01,0.01
ISIC_0035227,0.01,0.94,0.01,0.01,0.01,0.01,0.01
ISIC_0035228,0.01,0.94,0.01,0.01,0.01,0.01,0.01
ISIC_0035229,0.01,0.01,0.01,0.01,0.01,0.94,0.01
ISIC_0035230,0.01,0.94,0.01,0.01,0.01,0.01,0.01
ISIC_0035231,0.01,0.94,0.01,0.01,0.01,0.01,0.01
ISIC_0035232,0.94,0.01,0.01,0.01,0.01,0.01,0.01
ISIC_0035233,0.01,0.94,0.01,0.01,0.01,0.01,0.01
ISIC_0035234,0.01,0.94,0.01,0.01,0.01,0.01,0.01
ISIC_0035235,0.01,0.94,0.01,0.01,0.01,0.01,0.01
ISIC_0035236,0.01,0.01,0.01,0.94,0.01,0.01,0.01
ISIC_0035237,0.01,0.94,0.01,0.01,0.01,0.01,0.01
ISIC_0035238,0.01,0.94,0.01,0.01,0.01,0.01,0.01
ISIC_0035239,0.01,0.01,0.01,0.01,0.01,0.94,0.01
ISIC_0035240,0.01,0.01,0.01,0.01,0.94,0.01,0.01
ISIC_0035241,0.94,0.01,0.01,0.01,0.01,0.01,0.01
ISIC_0035242,0.01,0.94,0.01,0.01,0.01,0.01,0.01
ISIC_0035243,0.01,0.01,0.01,0.01,0.94,0.01,0.01
ISIC_0035244,0.01,0.94,0.01,0.01,0.01,0.01,0.01
ISIC_0035245,0.01,0.01,0.01,0.01,0.01,0.01,0.94
ISIC_0035246,0.01,0.01,0.01,0.01,0.94,0.01,0.01
ISIC_0035247,0.01,0.01,0.01,0.01,0.01,0.01,0.94
ISIC_0035248,0.01,0.01,0.01,0.94,0.01,0.01,0.01
ISIC_0035250,0.94,0.01,0.01,0.01,0.01,0.01,0.01
ISIC_0035253,0.01,0.94,0.01,0.01,0.01,0.01,0.01
ISIC_0035254,0.01,0.01,0.94,0.01,0.01,0.01,0.01
ISIC_0035255,0.01,0.94,0.01,0.01,0.01,0.01,0.01
ISIC_0035256,0.01,0.94,0.01,0.01,0.01,0.01,0.01
ISIC_0035257,0.01,0.94,0.01,0.01,0.01,0.01,0.01
ISIC_0035258,0.01,0.01,0.01,0.01,0.94,0.01,0.01
ISIC_0035259,0.01,0.01,0.01,0.01,0.01,0.01,0.94
ISIC_0035260,0.01,0.94,0.01,0.01,0.01,0.01,0.01
ISIC_0035261,0.01,0.01,0.01,0.01,0.01,0.01,0.94
ISIC_0035262,0.01,0.01,0.01,0.01,0.01,0.01,0.94
ISIC_0035263,0.94,0.01,0.01,0.01,0.01,0.01,0.01
ISIC_0035264,0.01,0.01,0.01,0.01,0.94,0.01,0.01
ISIC_0035265,0.94,0.01,0.01,0.01,0.01,0.01,0.01
ISIC_0035266,0.01,0.94,0.01,0.01,0.01,0.01,0.01
ISIC_0035267,0.94,0.01,0.01,0.01,0.01,0.01,0.01
ISIC_0035268,0.01,0.94,0.01,0.01,0.01,0.01,0.01
ISIC_0035270,0.01,0.01,0.01,0.01,0.94,0.01,0.01
ISIC_0035271,0.01,0.01,0.01,0.94,0.01,0.01,0.01
ISIC_0035272,0.01,0.94,0.01,0.01,0.01,0.01,0.01
ISIC_0035273,0.94,0.01,0.01,0.01,0.01,0.01,0.01
ISIC_0035274,0.01,0.94,0.01,0.01,0.01,0.01,0.01
ISIC_0035275,0.94,0.01,0.01,0.01,0.01,0.01,0.01
ISIC_0035276,0.01,0.01,0.01,0.01,0.01,0.01,0.94
ISIC_0035277,0.01,0.01,0.01,0.01,0.94,0.01,0.01
ISIC_0035278,0.01,0.94,0.01,0.01,0.01,0.01,0.01
ISIC_0035280,0.01,0.01,0.01,0.01,0.01,0.94,0.01
ISIC_0035281,0.01,0.94,0.01,0.01,0.01,0.01,0.01
ISIC_0035282,0.01,0.94,0.01,0.01,0.01,0.01,0.01
ISIC_0035283,0.01,0.94,0.01,0.01,0.01,0.01,0.01
ISIC_0035284,0.01,0.01,0.01,0.01,0.94,0.01,0.01
ISIC_0035285,0.01,0.94,0.01,0.01,0.01,0.01,0.01
ISIC_0035286,0.01,0.94,0.01,0.01,0.01,0.01,0.01
ISIC_0035287,0.01,0.01,0.94,0.01,0.01,0.01,0.01
ISIC_0035288,0.01,0.94,0.01,0.01,0.01,0.01,0.01
ISIC_0035289,0.01,0.94,0.01,0.01,0.01,0.01,0.01
ISIC_0035290,0.01,0.01,0.01,0.94,0.01,0.01,0.01
ISIC_0035291,0.01,0.01,0.94,0.01,0.01,0.01,0.01
ISIC_0035292,0.01,0.94,0.01,0.01,0.01,0.01,0.01
ISIC_0035293,0.01,0.01,0.01,0.94,0.01,0.01,0.01
ISIC_0035294,0.01,0.94,0.01,0.01,0.01,0.01,0.01
ISIC_0035295,0.94,0.01,0.01,0.01,0.01,0.01,0.01
ISIC_0035296,0.01,0.94,0.01,0.01,0.01,0.01,0.01
ISIC_0035297,0.01,0.94,0.01,0.01,0.01,0.01,0.01
ISIC_0035298,0.01,0.94,0.01,0.01,0.01,0.01,0.01
ISIC_0035299,0.01,0.94,0.01,0.01,0.01,0.01,0.01
ISIC_0035300,0.01,0.94,0.01,0.01,0.01,0.01,0.01
ISIC_0035301,0.01,0.01,0.01,0.01,0.94,0.01,0.01
ISIC_0035302,0.01,0.01,0.01,0.01,0.01,0.01,0.94
ISIC_0035303,0.01,0.94,0.01,0.01,0.01,0.01,0.01
ISIC_0035304,0.01,0.94,0.01,0.01,0.01,0.01,0.01
ISIC_0035305,0.01,0.01,0.01,0.01,0.01,0.01,0.94
ISIC_0035306,0.94,0.01,0.01,0.01,0.01,0.01,0.01
ISIC_0035307,0.01,0.94,0.01,0.01,0.01,0.01,0.01
ISIC_0035308,0.01,0.01,0.94,0.01,0.01,0.01,0.01
ISIC_0035309,0.01,0.94,0.01,0.01,0.01,0.01,0.01
ISIC_0035310,0.01,0.01,0.94,0.01,0.01,0.01,0.01
ISIC_0035311,0.01,0.94,0.01,0.01,0.01,0.01,0.01
ISIC_0035312,0.01,0.94,0.01,0.01,0.01,0.01,0.01
ISIC_0035313,0.01,0.01,0.01,0.01,0.94,0.01,0.01
ISIC_0035314,0.01,0.94,0.01,0.01,0.01,0.01,0.01
ISIC_0035315,0.01,0.94,0.01,0.01,0.01,0.01,0.01
ISIC_0035316,0.01,0.01,0.01,0.01,0.94,0.01,0.01
ISIC_0035317,0.01,0.01,0.94,0.01,0.01,0.01,0.01
ISIC_0035318,0.01,0.01,0.01,0.94,0.01,0.01,0.01
ISIC_0035319,0.01,0.94,0.01,0.01,0.01,0.01,0.01
ISIC_0035320,0.01,0.94,0.01,0.01,0.01,0.01,0.01
ISIC_0035321,0.01,0.01,0.94,0.01,0.01,0.01,0.01
ISIC_0035322,0.01,0.01,0.94,0.01,0.01,0.01,0.01
ISIC_0035323,0.01,0.94,0.01,0.01,0.01,0.01,0.01
ISIC_0035324,0.94,0.01,0.01,0.01,0.01,0.01,0.01
ISIC_0035325,0.01,0.94,0.01,0.01,0.01,0.01,0.01
ISIC_0035326,0.01,0.01,0.01,0.01,0.94,0.01,0.01
ISIC_0035327,0.01,0.01,0.01,0.01,0.94,0.01,0.01
ISIC_0035328,0.01,0.94,0.01,0.01,0.01,0.01,0.01
ISIC_0035329,0.01,0.94,0.01,0.01,0.01,0.01,0.01
ISIC_0035330,0.01,0.01,0.94,0.01,0.01,0.01,0.01
ISIC_0035331,0.01,0.01,0.94,0.01,0.01,0.01,0.01
ISIC_0035332,0.01,0.01,0.94,0.01,0.01,0.01,0.01
ISIC_0035333,0.01,0.94,0.01,0.01,0.01,0.01,0.01
ISIC_0035334,0.01,0.01,0.01,0.01,0.94,0.01,0.01
ISIC_0035335,0.01,0.94,0.01,0.01,0.01,0.01,0.01
ISIC_0035336,0.94,0.01,0.01,0.01,0.01,0.01,0.01
ISIC_0035337,0.01,0.94,0.01,0.01,0.01,0.01,0.01
ISIC_0035338,0.01,0.01,0.94,0.01,0.01,0.01,0.01
ISIC_0035339,0.01,0.94,0.01,0.01,0.01,0.01,0.01
ISIC_0035340,0.94,0.01,0.01,0.01,0.01,0.01,0.01
ISIC_0035341,0.01,0.94,0.01,0.01,0.01,0.01,0.01
ISIC_0035342,0.01,0.94,0.01,0.01,0.01,0.01,0.01
ISIC_0035343,0.94,0.01,0.01,0.01,0.01,0.01,0.01
ISIC_0035344,0.01,0.94,0.01,0.01,0.01,0.01,0.01
ISIC_0035345,0.01,0.01,0.01,0.01,0.01,0.94,0.01
ISIC_0035346,0.94,0.01,0.01,0.01,0.01,0.01,0.01
ISIC_0035347,0.01,0.94,0.01,0.01,0.01,0.01,0.01
ISIC_0035348,0.01,0.01,0.01,0.94,0.01,0.01,0.01
ISIC_0035349,0.01,0.94,0.01,0.01,0.01,0.01,0.01
ISIC_0035350,0.01,0.94,0.01,0.01,0.01,0.01,0.01
ISIC_0035351,0.01,0.01,0.01,0.94,0.01,0.01,0.01
ISIC_0035352,0.01,0.94,0.01,0.01,0.01,0.01,0.01
ISIC_0035353,0.01,0.94,0.01,0.01,0.01,0.01,0.01
ISIC_0035354,0.01,0.94,0.01,0.01,0.01,0.01,0.01
ISIC_0035355,0.01,0.01,0.94,0.01,0.01,0.01,0.01
ISIC_0035356,0.94,0.01,0.01,0.01,0.01,0.01,0.01
ISIC_0035357,0.01,0.01,0.94,0.01,0.01,0.01,0.01
ISIC_0035358,0.01,0.94,0.01,0.01,0.01,0.01,0.01
ISIC_0035359,0.01,0.94,0.01,0.01,0.01,0.01,0.01
ISIC_0035360,0.01,0.01,0.01,0.01,0.94,0.01,0.01
ISIC_0035361,0.01,0.94,0.01,0.01,0.01,0.01,0.01
ISIC_0035362,0.94,0.01,0.01,0.01,0.01,0.01,0.01
ISIC_0035363,0.01,0.94,0.01,0.01,0.01,0.01,0.01
ISIC_0035364,0.01,0.01,0.01,0.01,0.94,0.01,0.01
ISIC_0035365,0.01,0.94,0.01,0.01,0.01,0.01,0.01
ISIC_0035366,0.01,0.01,0.01,0.01,0.01,0.94,0.01
ISIC_0035367,0.01,0.94,0.01,0.01,0.01,0.01,0.01
ISIC_0035368,0.01,0.01,0.94,0.01,0.01,0.01,0.01
ISIC_0035369,0.01,0.94,0.01,0.01,0.01,0.01,0.01
ISIC_0035370,0.94,0.01,0.01,0.01,0.01,0.01,0.01
ISIC_0035372,0.01,0.01,0.94,0.01,0.01,0.01,0.01
ISIC_0035373,0.94,0.01,0.01,0.01,0.01,0.01,0.01
ISIC_0035374,0.01,0.01,0.94,0.01,0.01,0.01,0.01
ISIC_0035375,0.01,0.94,0.01,0.01,0.01,0.01,0.01
ISIC_0035376,0.01,0.01,0.94,0.01,0.01,0.01,0.01
ISIC_0035377,0.01,0.94,0.01,0.01,0.01,0.01,0.01
ISIC_0035378,0.94,0.01,0.01,0.01,0.01,0.01,0.01
ISIC_0035379,0.01,0.94,0.01,0.01,0.01,0.01,0.01
ISIC_0035380,0.01,0.94,0.01,0.01,0.01,0.01,0.01
ISIC_0035381,0.94,0.01,0.01,0.01,0.01,0.01,0.01
ISIC_0035382,0.01,0.94,0.01,0.01,0.01,0.01,0.01
ISIC_0035383,0.01,0.94,0.01,0.01,0.01,0.01,0.01
ISIC_0035384,0.01,0.94,0.01,0.01,0.01,0.01,0.01
ISIC_0035385,0.94,0.01,0.01,0.01,0.01,0.01,0.01
ISIC_0035386,0.01,0.94,0.01,0.01,0.01,0.01,0.01
ISIC_0035387,0.01,0.01,0.01,0.01,0.01,0.01,0.94
ISIC_0035388,0.01,0.01,0.94,0.01,0.01,0.01,0.01
ISIC_0035389,0.01,0.01,0.94,0.01,0.01,0.01,0.01
ISIC_0035390,0.01,0.01,0.01,0.01,0.01,0.94,0.01
ISIC_0035391,0.01,0.01,0.01,0.01,0.01,0.01,0.94
ISIC_0035392,0.94,0.01,0.01,0.01,0.01,0.01,0.01
ISIC_0035393,0.94,0.01,0.01,0.01,0.01,0.01,0.01
ISIC_0035394,0.94,0.01,0.01,0.01,0.01,0.01,0.01
ISIC_0035395,0.01,0.01,0.01,0.01,0.94,0.01,0.01
ISIC_0035396,0.01,0.94,0.01,0.01,0.01,0.01,0.01
ISIC_0035397,0.94,0.01,0.01,0.01,0.01,0.01,0.01
ISIC_0035398,0.01,0.01,0.01,0.94,0.01,0.01,0.01
ISIC_0035399,0.01,0.94,0.01,0.01,0.01,0.01,0.01
ISIC_0035400,0.01,0.94,0.01,0.01,0.01,0.01,0.01
ISIC_0035401,0.01,0.94,0.01,0.01,0.01,0.01,0.01
ISIC_0035402,0.01,0.94,0.01,0.01,0.01,0.01,0.01
ISIC_0035403,0.94,0.01,0.01,0.01,0.01,0.01,0.01
ISIC_0035404,0.01,0.94,0.01,0.01,0.01,0.01,0.01
ISIC_0035405,0.01,0.94,0.01,0.01,0.01,0.01,0.01
ISIC_0035406,0.94,0.01,0.01,0.01,0.01,0.01,0.01
ISIC_0035407,0.01,0.94,0.01,0.01,0.01,0.01,0.01
ISIC_0035408,0.01,0.94,0.01,0.01,0.01,0.01,0.01
ISIC_0035409,0.01,0.94,0.01,0.01,0.01,0.01,0.01
ISIC_0035410,0.01,0.01,0.01,0.01,0.94,0.01,0.01
ISIC_0035411,0.01,0.94,0.01,0.01,0.01,0.01,0.01
ISIC_0035412,0.01,0.94,0.01,0.01,0.01,0.01,0.01
ISIC_0035413,0.01,0.94,0.01,0.01,0.01,0.01,0.01
ISIC_0035414,0.94,0.01,0.01,0.01,0.01,0.01,0.01
ISIC_0035415,0.01,0.01,0.94,0.01,0.01,0.01,0.01
ISIC_0035416,0.01,0.01,0.01,0.01,0.94,0.01,0.01
ISIC_0035417,0.94,0.01,0.01,0.01,0.01,0.01,0.01
ISIC_0035418,0.01,0.94,0.01,0.01,0.01,0.01,0.01
ISIC_0035419,0.94,0.01,0.01,0.01,0.01,0.01,0.01
ISIC_0035420,0.94,0.01,0.01,0.01,0.01,0.01,0.01
ISIC_0035421,0.01,0.01,0.94,0.01,0.01,0.01,0.01
ISIC_0035422,0.01,0.94,0.01,0.01,0.01,0.01,0.01
ISIC_0035423,0.01,0.01,0.01,0.94,0.01,0.01,0.01
ISIC_0035425,0.01,0.01,0.01,0.01,0.01,0.01,0.94
ISIC_0035427,0.01,0.94,0.01,0.01,0.01,0.01,0.01
ISIC_0035428,0.01,0.94,0.01,0.01,0.01,0.01,0.01
ISIC_0035429,0.01,0.94,0.01,0.01,0.01,0.01,0.01
ISIC_0035430,0.01,0.01,0.01,0.94,0.01,0.01,0.01
ISIC_0035431,0.01,0.01,0.01,0.01,0.94,0.01,0.01
ISIC_0035432,0.01,0.01,0.01,0.01,0.01,0.01,0.94
ISIC_0035433,0.01,0.01,0.94,0.01,0.01,0.01,0.01
ISIC_0035434,0.94,0.01,0.01,0.01,0.01,0.01,0.01
ISIC_0035435,0.01,0.94,0.01,0.01,0.01,0.01,0.01
ISIC_0035436,0.01,0.01,0.01,0.01,0.94,0.01,0.01
ISIC_0035437,0.01,0.94,0.01,0.01,0.01,0.01,0.01
ISIC_0035438,0.01,0.94,0.01,0.01,0.01,0.01,0.01
ISIC_0035439,0.01,0.01,0.01,0.01,0.94,0.01,0.01
ISIC_0035440,0.01,0.01,0.01,0.01,0.01,0.94,0.01
ISIC_0035441,0.01,0.94,0.01,0.01,0.01,0.01,0.01
ISIC_0035442,0.01,0.01,0.01,0.94,0.01,0.01,0.01
ISIC_0035443,0.01,0.01,0.94,0.01,0.01,0.01,0.01
ISIC_0035444,0.01,0.94,0.01,0.01,0.01,0.01,0.01
ISIC_0035445,0.01,0.94,0.01,0.01,0.01,0.01,0.01
ISIC_0035446,0.01,0.01,0.01,0.01,0.94,0.01,0.01
ISIC_0035447,0.94,0.01,0.01,0.01,0.01,0.01,0.01
ISIC_0035448,0.01,0.94,0.01,0.01,0.01,0.01,0.01
ISIC_0035449,0.01,0.01,0.01,0.01,0.01,0.01,0.94
ISIC_0035450,0.01,0.01,0.01,0.01,0.94,0.01,0.01
ISIC_0035451,0.01,0.01,0.94,0.01,0.01,0.01,0.01
ISIC_0035452,0.01,0.94,0.01,0.01,0.01,0.01,0.01
ISIC_0035453,0.01,0.94,0.01,0.01,0.01,0.01,0.01
ISIC_0035454,0.01,0.01,0.94,0.01,0.01,0.01,0.01
ISIC_0035455,0.01,0.01,0.01,0.01,0.01,0.01,0.94
ISIC_0035456,0.01,0.01,0.01,0.01,0.01,0.01,0.94
ISIC_0035457,0.01,0.01,0.01,0.01,0.94,0.01,0.01
ISIC_0035458,0.01,0.01,0.94,0.01,0.01,0.01,0.01
ISIC_0035459,0.01,0.01,0.01,0.01,0.01,0.01,0.94
ISIC_0035460,0.94,0.01,0.01,0.01,0.01,0.01,0.01
ISIC_0035461,0.01,0.94,0.01,0.01,0.01,0.01,0.01
ISIC_0035462,0.94,0.01,0.01,0.01,0.01,0.01,0.01
ISIC_0035463,0.01,0.01,0.94,0.01,0.01,0.01,0.01
ISIC_0035464,0.01,0.01,0.01,0.01,0.94,0.01,0.01
ISIC_0035465,0.01,0.01,0.94,0.01,0.01,0.01,0.01
ISIC_0035466,0.01,0.01,0.01,0.01,0.94,0.01,0.01
ISIC_0035467,0.01,0.94,0.01,0.01,0.01,0.01,0.01
ISIC_0035468,0.01,0.01,0.01,0.01,0.94,0.01,0.01
ISIC_0035469,0.01,0.94,0.01,0.01,0.01,0.01,0.01
ISIC_0035470,0.01,0.94,0.01,0.01,0.01,0.01,0.01
ISIC_0035471,0.01,0.01,0.01,0.94,0.01,0.01,0.01
ISIC_0035472,0.01,0.01,0.94,0.01,0.01,0.01,0.01
ISIC_0035473,0.01,0.01,0.01,0.01,0.01,0.94,0.01
ISIC_0035474,0.94,0.01,0.01,0.01,0.01,0.01,0.01
ISIC_0035475,0.01,0.01,0.01,0.01,0.01,0.01,0.94
ISIC_0035476,0.01,0.94,0.01,0.01,0.01,0.01,0.01
ISIC_0035477,0.01,0.94,0.01,0.01,0.01,0.01,0.01
ISIC_0035478,0.94,0.01,0.01,0.01,0.01,0.01,0.01
ISIC_0035479,0.01,0.94,0.01,0.01,0.01,0.01,0.01
ISIC_0035480,0.01,0.94,0.01,0.01,0.01,0.01,0.01
ISIC_0035481,0.94,0.01,0.01,0.01,0.01,0.01,0.01
ISIC_0035482,0.01,0.94,0.01,0.01,0.01,0.01,0.01
ISIC_0035483,0.01,0.94,0.01,0.01,0.01,0.01,0.01
ISIC_0035484,0.01,0.01,0.01,0.01,0.94,0.01,0.01
ISIC_0035485,0.01,0.94,0.01,0.01,0.01,0.01,0.01
ISIC_0035486,0.01,0.01,0.01,0.01,0.01,0.94,0.01
ISIC_0035487,0.01,0.01,0.94,0.01,0.01,0.01,0.01
ISIC_0035488,0.01,0.94,0.01,0.01,0.01,0.01,0.01
ISIC_0035489,0.94,0.01,0.01,0.01,0.01,0.01,0.01
ISIC_0035490,0.01,0.01,0.01,0.94,0.01,0.01,0.01
ISIC_0035491,0.94,0.01,0.01,0.01,0.01,0.01,0.01
ISIC_0035492,0.01,0.94,0.01,0.01,0.01,0.01,0.01
ISIC_0035493,0.01,0.94,0.01,0.01,0.01,0.01,0.01
ISIC_0035494,0.94,0.01,0.01,0.01,0.01,0.01,0.01
ISIC_0035495,0.01,0.94,0.01,0.01,0.01,0.01,0.01
ISIC_0035496,0.01,0.94,0.01,0.01,0.01,0.01,0.01
ISIC_0035497,0.01,0.94,0.01,0.01,0.01,0.01,0.01
ISIC_0035498,0.01,0.94,0.01,0.01,0.01,0.01,0.01
ISIC_0035499,0.01,0.94,0.01,0.01,0.01,0.01,0.01
ISIC_0035500,0.01,0.94,0.01,0.01,0.01,0.01,0.01
ISIC_0035501,0.01,0.94,0.01,0.01,0.01,0.01,0.01
ISIC_0035503,0.01,0.94,0.01,0.01,0.01,0.01,0.01
ISIC_0035504,0.01,0.01,0.01,0.01,0.94,0.01,0.01
ISIC_0035505,0.01,0.01,0.01,0.01,0.94,0.01,0.01
ISIC_0035506,0.01,0.94,0.01,0.01,0.01,0.01,0.01
ISIC_0035507,0.01,0.94,0.01,0.01,0.01,0.01,0.01
ISIC_0035508,0.01,0.94,0.01,0.01,0.01,0.01,0.01
ISIC_0035509,0.01,0.01,0.01,0.01,0.01,0.01,0.94
ISIC_0035510,0.94,0.01,0.01,0.01,0.01,0.01,0.01
ISIC_0035511,0.94,0.01,0.01,0.01,0.01,0.01,0.01
ISIC_0035512,0.01,0.94,0.01,0.01,0.01,0.01,0.01
ISIC_0035513,0.01,0.01,0.01,0.01,0.01,0.94,0.01
ISIC_0035515,0.94,0.01,0.01,0.01,0.01,0.01,0.01
ISIC_0035516,0.01,0.94,0.01,0.01,0.01,0.01,0.01
ISIC_0035517,0.01,0.01,0.01,0.94,0.01,0.01,0.01
ISIC_0035518,0.01,0.94,0.01,0.01,0.01,0.01,0.01
ISIC_0035519,0.01,0.94,0.01,0.01,0.01,0.01,0.01
ISIC_0035520,0.01,0.94,0.01,0.01,0.01,0.01,0.01
ISIC_0035521,0.01,0.94,0.01,0.01,0.01,0.01,0.01
ISIC_0035522,0.01,0.01,0.01,0.94,0.01,0.01,0.01
ISIC_0035523,0.01,0.94,0.01,0.01,0.01,0.01,0.01
ISIC_0035524,0.01,0.94,0.01,0.01,0.01,0.01,0.01
ISIC_0035525,0.01,0.01,0.01,0.94,0.01,0.01,0.01
ISIC_0035526,0.01,0.94,0.01,0.01,0.01,0.01,0.01
ISIC_0035527,0.01,0.01,0.01,0.01,0.94,0.01,0.01
ISIC_0035528,0.01,0.94,0.01,0.01,0.01,0.01,0.01
ISIC_0035529,0.01,0.94,0.01,0.01,0.01,0.01,0.01
ISIC_0035530,0.01,0.94,0.01,0.01,0.01,0.01,0.01
ISIC_0035531,0.01,0.94,0.01,0.01,0.01,0.01,0.01
ISIC_0035532,0.01,0.94,0.01,0.01,0.01,0.01,0.01
ISIC_0035533,0.01,0.01,0.01,0.01,0.94,0.01,0.01
ISIC_0035534,0.01,0.94,0.01,0.01,0.01,0.01,0.01
ISIC_0035535,0.01,0.01,0.01,0.01,0.01,0.94,0.01
ISIC_0035536,0.01,0.94,0.01,0.01,0.01,0.01,0.01
ISIC_0035537,0.01,0.94,0.01,0.01,0.01,0.01,0.01
ISIC_0035538,0.01,0.94,0.01,0.01,0.01,0.01,0.01
ISIC_0035539,0.01,0.94,0.01,0.01,0.01,0.01,0.01
ISIC_0035540,0.01,0.94,0.01,0.01,0.01,0.01,0.01
ISIC_0035541,0.01,0.94,0.01,0.01,0.01,0.01,0.01
ISIC_0035542,0.01,0.94,0.01,0.01,0.01,0.01,0.01
ISIC_0035543,0.94,0.01,0.01,0.01,0.01,0.01,0.01
ISIC_0035544,0.01,0.94,0.01,0.01,0.01,0.01,0.01
ISIC_0035545,0.94,0.01,0.01,0.01,0.01,0.01,0.01
ISIC_0035546,0.01,0.94,0.01,0.01,0.01,0.01,0.01
ISIC_0035547,0.01,0.01,0.94,0.01,0.01,0.01,0.01
ISIC_0035548,0.01,0.94,0.01,0.01,0.01,0.01,0.01
ISIC_0035550,0.94,0.01,0.01,0.01,0.01,0.01,0.01
ISIC_0035551,0.01,0.94,0.01,0.01,0.01,0.01,0.01
ISIC_0035552,0.01,0.01,0.94,0.01,0.01,0.01,0.01
ISIC_0035553,0.94,0.01,0.01,0.01,0.01,0.01,0.01
ISIC_0035554,0.94,0.01,0.01,0.01,0.01,0.01,0.01
ISIC_0035555,0.01,0.94,0.01,0.01,0.01,0.01,0.01
ISIC_0035556,0.94,0.01,0.01,0.01,0.01,0.01,0.01
ISIC_0035557,0.01,0.01,0.94,0.01,0.01,0.01,0.01
ISIC_0035558,0.94,0.01,0.01,0.01,0.01,0.01,0.01
ISIC_0035559,0.01,0.94,0.01,0.01,0.01,0.01,0.01
ISIC_0035560,0.01,0.94,0.01,0.01,0.01,0.01,0.01
ISIC_0035561,0.94,0.01,0.01,0.01,0.01,0.01,0.01
ISIC_0035562,0.94,0.01,0.01,0.01,0.01,0.01,0.01
ISIC_0035563,0.01,0.94,0.01,0.01,0.01,0.01,0.01
ISIC_0035564,0.94,0.01,0.01,0.01,0.01,0.01,0.01
ISIC_0035565,0.01,0.94,0.01,0.01,0.01,0.01,0.01
ISIC_0035566,0.01,0.94,0.01,0.01,0.01,0.01,0.01
ISIC_0035567,0.01,0.94,0.01,0.01,0.01,0.01,0.01
ISIC_0035568,0.01,0.94,0.01,0.01,0.01,0.01,0.01
ISIC_0035569,0.01,0.94,0.01,0.01,0.01,0.01,0.01
ISIC_0035570,0.01,0.01,0.01,0.01,0.94,0.01,0.01
ISIC_0035571,0.01,0.01,0.01,0.01,0.94,0.01,0.01
ISIC_0035572,0.01,0.94,0.01,0.01,0.01,0.01,0.01
ISIC_0035573,0.01,0.94,0.01,0.01,0.01,0.01,0.01
ISIC_0035574,0.94,0.01,0.01,0.01,0.01,0.01,0.01
ISIC_0035575,0.01,0.01,0.01,0.01,0.01,0.01,0.94
ISIC_0035576,0.01,0.94,0.01,0.01,0.01,0.01,0.01
ISIC_0035577,0.01,0.94,0.01,0.01,0.01,0.01,0.01
ISIC_0035578,0.01,0.94,0.01,0.01,0.01,0.01,0.01
ISIC_0035579,0.94,0.01,0.01,0.01,0.01,0.01,0.01
ISIC_0035580,0.01,0.94,0.01,0.01,0.01,0.01,0.01
ISIC_0035581,0.01,0.94,0.01,0.01,0.01,0.01,0.01
ISIC_0035582,0.94,0.01,0.01,0.01,0.01,0.01,0.01
ISIC_0035583,0.94,0.01,0.01,0.01,0.01,0.01,0.01
ISIC_0035584,0.01,0.01,0.01,0.01,0.94,0.01,0.01
ISIC_0035585,0.01,0.01,0.01,0.94,0.01,0.01,0.01
ISIC_0035586,0.01,0.01,0.94,0.01,0.01,0.01,0.01
ISIC_0035587,0.01,0.94,0.01,0.01,0.01,0.01,0.01
ISIC_0035588,0.01,0.01,0.01,0.01,0.01,0.01,0.94
ISIC_0035589,0.01,0.01,0.01,0.01,0.94,0.01,0.01
ISIC_0035590,0.01,0.01,0.01,0.01,0.94,0.01,0.01
ISIC_0035591,0.01,0.94,0.01,0.01,0.01,0.01,0.01
ISIC_0035592,0.94,0.01,0.01,0.01,0.01,0.01,0.01
ISIC_0035593,0.01,0.01,0.01,0.01,0.94,0.01,0.01
ISIC_0035594,0.01,0.01,0.94,0.01,0.01,0.01,0.01
ISIC_0035596,0.01,0.94,0.01,0.01,0.01,0.01,0.01
ISIC_0035597,0.94,0.01,0.01,0.01,0.01,0.01,0.01
ISIC_0035598,0.01,0.94,0.01,0.01,0.01,0.01,0.01
ISIC_0035599,0.01,0.01,0.94,0.01,0.01,0.01,0.01
ISIC_0035600,0.01,0.94,0.01,0.01,0.01,0.01,0.01
ISIC_0035601,0.94,0.01,0.01,0.01,0.01,0.01,0.01
ISIC_0035602,0.01,0.01,0.01,0.01,0.94,0.01,0.01
ISIC_0035603,0.01,0.01,0.01,0.01,0.01,0.01,0.94
ISIC_0035604,0.01,0.94,0.01,0.01,0.01,0.01,0.01
ISIC_0035605,0.94,0.01,0.01,0.01,0.01,0.01,0.01
ISIC_0035606,0.01,0.01,0.01,0.01,0.94,0.01,0.01
ISIC_0035607,0.94,0.01,0.01,0.01,0.01,0.01,0.01
ISIC_0035608,0.01,0.01,0.94,0.01,0.01,0.01,0.01
ISIC_0035609,0.01,0.94,0.01,0.01,0.01,0.01,0.01
ISIC_0035610,0.94,0.01,0.01,0.01,0.01,0.01,0.01
ISIC_0035611,0.01,0.94,0.01,0.01,0.01,0.01,0.01
ISIC_0035612,0.94,0.01,0.01,0.01,0.01,0.01,0.01
ISIC_0035613,0.01,0.01,0.01,0.01,0.94,0.01,0.01
ISIC_0035614,0.01,0.94,0.01,0.01,0.01,0.01,0.01
ISIC_0035615,0.94,0.01,0.01,0.01,0.01,0.01,0.01
ISIC_0035616,0.01,0.94,0.01,0.01,0.01,0.01,0.01
ISIC_0035617,0.01,0.94,0.01,0.01,0.01,0.01,0.01
ISIC_0035618,0.01,0.94,0.01,0.01,0.01,0.01,0.01
ISIC_0035619,0.01,0.01,0.01,0.01,0.01,0.01,0.94
ISIC_0035621,0.01,0.94,0.01,0.01,0.01,0.01,0.01
ISIC_0035622,0.01,0.01,0.01,0.01,0.94,0.01,0.01
ISIC_0035623,0.01,0.01,0.01,0.01,0.94,0.01,0.01
ISIC_0035624,0.01,0.01,0.01,0.01,0.01,0.01,0.94
ISIC_0035625,0.01,0.01,0.94,0.01,0.01,0.01,0.01
ISIC_0035626,0.01,0.01,0.94,0.01,0.01,0.01,0.01
ISIC_0035627,0.01,0.01,0.01,0.01,0.94,0.01,0.01
ISIC_0035628,0.01,0.01,0.01,0.01,0.01,0.94,0.01
ISIC_0035629,0.94,0.01,0.01,0.01,0.01,0.01,0.01
ISIC_0035630,0.01,0.01,0.94,0.01,0.01,0.01,0.01
ISIC_0035631,0.01,0.01,0.01,0.01,0.01,0.01,0.94
ISIC_0035632,0.01,0.01,0.01,0.01,0.94,0.01,0.01
ISIC_0035633,0.01,0.01,0.94,0.01,0.01,0.01,0.01
ISIC_0035634,0.01,0.01,0.01,0.01,0.01,0.01,0.94
ISIC_0035635,0.01,0.01,0.01,0.01,0.94,0.01,0.01
ISIC_0035636,0.94,0.01,0.01,0.01,0.01,0.01,0.01
ISIC_0035637,0.01,0.01,0.01,0.94,0.01,0.01,0.01
ISIC_0035638,0.01,0.01,0.01,0.94,0.01,0.01,0.01
ISIC_0035639,0.01,0.01,0.94,0.01,0.01,0.01,0.01
ISIC_0035640,0.94,0.01,0.01,0.01,0.01,0.01,0.01
ISIC_0035641,0.01,0.94,0.01,0.01,0.01,0.01,0.01
ISIC_0035642,0.01,0.01,0.94,0.01,0.01,0.01,0.01
ISIC_0035643,0.01,0.01,0.01,0.94,0.01,0.01,0.01
ISIC_0035644,0.01,0.94,0.01,0.01,0.01,0.01,0.01
ISIC_0035645,0.01,0.01,0.01,0.01,0.94,0.01,0.01
ISIC_0035646,0.01,0.01,0.01,0.01,0.01,0.94,0.01
ISIC_0035647,0.01,0.94,0.01,0.01,0.01,0.01,0.01
ISIC_0035648,0.01,0.94,0.01,0.01,0.01,0.01,0.01
ISIC_0035649,0.01,0.94,0.01,0.01,0.01,0.01,0.01
ISIC_0035650,0.01,0.01,0.01,0.01,0.94,0.01,0.01
ISIC_0035651,0.94,0.01,0.01,0.01,0.01,0.01,0.01
ISIC_0035652,0.94,0.01,0.01,0.01,0.01,0.01,0.01
ISIC_0035653,0.94,0.01,0.01,0.01,0.01,0.01,0.01
ISIC_0035654,0.01,0.01,0.01,0.01,0.01,0.94,0.01
ISIC_0035655,0.01,0.01,0.01,0.94,0.01,0.01,0.01
ISIC_0035656,0.01,0.01,0.01,0.01,0.01,0.01,0.94
ISIC_0035657,0.01,0.94,0.01,0.01,0.01,0.01,0.01
ISIC_0035658,0.01,0.01,0.94,0.01,0.01,0.01,0.01
ISIC_0035659,0.01,0.01,0.01,0.94,0.01,0.01,0.01
ISIC_0035660,0.01,0.01,0.94,0.01,0.01,0.01,0.01
ISIC_0035661,0.01,0.01,0.01,0.01,0.94,0.01,0.01
ISIC_0035662,0.01,0.01,0.01,0.94,0.01,0.01,0.01
ISIC_0035663,0.94,0.01,0.01,0.01,0.01,0.01,0.01
ISIC_0035664,0.01,0.01,0.01,0.01,0.94,0.01,0.01
ISIC_0035665,0.01,0.94,0.01,0.01,0.01,0.01,0.01
ISIC_0035666,0.94,0.01,0.01,0.01,0.01,0.01,0.01
ISIC_0035667,0.01,0.01,0.94,0.01,0.01,0.01,0.01
ISIC_0035668,0.01,0.01,0.01,0.01,0.94,0.01,0.01
ISIC_0035669,0.94,0.01,0.01,0.01,0.01,0.01,0.01
ISIC_0035670,0.01,0.94,0.01,0.01,0.01,0.01,0.01
ISIC_0035671,0.94,0.01,0.01,0.01,0.01,0.01,0.01
ISIC_0035672,0.01,0.94,0.01,0.01,0.01,0.01,0.01
ISIC_0035673,0.94,0.01,0.01,0.01,0.01,0.01,0.01
ISIC_0035674,0.94,0.01,0.01,0.01,0.01,0.01,0.01
ISIC_0035675,0.01,0.01,0.01,0.01,0.01,0.94,0.01
ISIC_0035676,0.01,0.01,0.01,0.01,0.94,0.01,0.01
ISIC_0035677,0.01,0.01,0.01,0.01,0.94,0.01,0.01
ISIC_0035678,0.01,0.94,0.01,0.01,0.01,0.01,0.01
ISIC_0035679,0.94,0.01,0.01,0.01,0.01,0.01,0.01
ISIC_0035680,0.01,0.94,0.01,0.01,0.01,0.01,0.01
ISIC_0035681,0.94,0.01,0.01,0.01,0.01,0.01,0.01
ISIC_0035682,0.94,0.01,0.01,0.01,0.01,0.01,0.01
ISIC_0035683,0.01,0.01,0.01,0.01,0.94,0.01,0.01
ISIC_0035684,0.94,0.01,0.01,0.01,0.01,0.01,0.01
ISIC_0035685,0.01,0.01,0.01,0.94,0.01,0.01,0.01
ISIC_0035686,0.94,0.01,0.01,0.01,0.01,0.01,0.01
ISIC_0035687,0.01,0.94,0.01,0.01,0.01,0.01,0.01
ISIC_0035688,0.01,0.01,0.01,0.01,0.01,0.01,0.94
ISIC_0035689,0.01,0.01,0.01,0.01,0.01,0.01,0.94
ISIC_0035690,0.01,0.01,0.01,0.01,0.94,0.01,0.01
ISIC_0035691,0.01,0.01,0.94,0.01,0.01,0.01,0.01
ISIC_0035692,0.01,0.01,0.94,0.01,0.01,0.01,0.01
ISIC_0035693,0.94,0.01,0.01,0.01,0.01,0.01,0.01
ISIC_0035694,0.01,0.01,0.94,0.01,0.01,0.01,0.01
ISIC_0035695,0.01,0.01,0.01,0.01,0.94,0.01,0.01
ISIC_0035696,0.94,0.01,0.01,0.01,0.01,0.01,0.01
ISIC_0035697,0.94,0.01,0.01,0.01,0.01,0.01,0.01
ISIC_0035698,0.01,0.01,0.01,0.01,0.94,0.01,0.01
ISIC_0035699,0.01,0.94,0.01,0.01,0.01,0.01,0.01
ISIC_0035700,0.01,0.94,0.01,0.01,0.01,0.01,0.01
ISIC_0035701,0.01,0.01,0.01,0.01,0.94,0.01,0.01
ISIC_0035702,0.94,0.01,0.01,0.01,0.01,0.01,0.01
ISIC_0035703,0.01,0.94,0.01,0.01,0.01,0.01,0.01
ISIC_0035704,0.94,0.01,0.01,0.01,0.01,0.01,0.01
ISIC_0035705,0.94,0.01,0.01,0.01,0.01,0.01,0.01
ISIC_0035706,0.01,0.94,0.01,0.01,0.01,0.01,0.01
ISIC_0035707,0.01,0.94,0.01,0.01,0.01,0.01,0.01
ISIC_0035708,0.94,0.01,0.01,0.01,0.01,0.01,0.01
ISIC_0035709,0.94,0.01,0.01,0.01,0.01,0.01,0.01
ISIC_0035710,0.94,0.01,0.01,0.01,0.01,0.01,0.01
ISIC_0035711,0.01,0.01,0.01,0.01,0.94,0.01,0.01
ISIC_0035712,0.94,0.01,0.01,0.01,0.01,0.01,0.01
ISIC_0035713,0.01,0.94,0.01,0.01,0.01,0.01,0.01
ISIC_0035714,0.01,0.94,0.01,0.01,0.01,0.01,0.01
ISIC_0035715,0.01,0.01,0.01,0.01,0.94,0.01,0.01
ISIC_0035716,0.01,0.94,0.01,0.01,0.01,0.01,0.01
ISIC_0035717,0.94,0.01,0.01,0.01,0.01,0.01,0.01
ISIC_0035718,0.01,0.01,0.94,0.01,0.01,0.01,0.01
ISIC_0035719,0.94,0.01,0.01,0.01,0.01,0.01,0.01
ISIC_0035720,0.94,0.01,0.01,0.01,0.01,0.01,0.01
ISIC_0035721,0.01,0.01,0.94,0.01,0.01,0.01,0.01
ISIC_0035722,0.01,0.94,0.01,0.01,0.01,0.01,0.01
ISIC_0035723,0.01,0.01,0.01,0.01,0.94,0.01,0.01
ISIC_0035724,0.01,0.01,0.01,0.01,0.94,0.01,0.01
ISIC_0035725,0.01,0.94,0.01,0.01,0.01,0.01,0.01
ISIC_0035726,0.01,0.01,0.01,0.01,0.94,0.01,0.01
ISIC_0035727,0.94,0.01,0.01,0.01,0.01,0.01,0.01
ISIC_0035728,0.01,0.01,0.01,0.94,0.01,0.01,0.01
ISIC_0035729,0.01,0.01,0.94,0.01,0.01,0.01,0.01
ISIC_0035730,0.01,0.01,0.01,0.94,0.01,0.01,0.01
ISIC_0035731,0.94,0.01,0.01,0.01,0.01,0.01,0.01
ISIC_0035732,0.01,0.01,0.01,0.01,0.94,0.01,0.01
ISIC_0035733,0.01,0.01,0.94,0.01,0.01,0.01,0.01
ISIC_0035734,0.94,0.01,0.01,0.01,0.01,0.01,0.01
ISIC_0035735,0.01,0.01,0.01,0.94,0.01,0.01,0.01
ISIC_0035736,0.94,0.01,0.01,0.01,0.01,0.01,0.01
ISIC_0035737,0.01,0.01,0.94,0.01,0.01,0.01,0.01
ISIC_0035738,0.94,0.01,0.01,0.01,0.01,0.01,0.01
ISIC_0035739,0.94,0.01,0.01,0.01,0.01,0.01,0.01
ISIC_0035740,0.01,0.01,0.01,0.01,0.01,0.94,0.01
ISIC_0035741,0.01,0.94,0.01,0.01,0.01,0.01,0.01
ISIC_0035742,0.94,0.01,0.01,0.01,0.01,0.01,0.01
ISIC_0035743,0.01,0.94,0.01,0.01,0.01,0.01,0.01
ISIC_0035744,0.01,0.01,0.01,0.01,0.94,0.01,0.01
ISIC_0035745,0.94,0.01,0.01,0.01,0.01,0.01,0.01
ISIC_0035746,0.94,0.01,0.01,0.01,0.01,0.01,0.01
ISIC_0035747,0.94,0.01,0.01,0.01,0.01,0.01,0.01
ISIC_0035748,0.94,0.01,0.01,0.01,0.01,0.01,0.01
ISIC_0035749,0.01,0.94,0.01,0.01,0.01,0.01,0.01
ISIC_0035750,0.94,0.01,0.01,0.01,0.01,0.01,0.01
ISIC_0035751,0.01,0.01,0.01,0.01,0.94,0.01,0.01
ISIC_0035752,0.01,0.01,0.01,0.01,0.94,0.01,0.01
ISIC_0035753,0.01,0.01,0.01,0.01,0.94,0.01,0.01
ISIC_0035754,0.01,0.01,0.01,0.01,0.94,0.01,0.01
ISIC_0035755,0.01,0.01,0.01,0.01,0.01,0.01,0.94
ISIC_0035756,0.94,0.01,0.01,0.01,0.01,0.01,0.01
ISIC_0035757,0.94,0.01,0.01,0.01,0.01,0.01,0.01
ISIC_0035758,0.01,0.94,0.01,0.01,0.01,0.01,0.01
ISIC_0035759,0.01,0.01,0.01,0.01,0.94,0.01,0.01
ISIC_0035760,0.94,0.01,0.01,0.01,0.01,0.01,0.01
ISIC_0035761,0.01,0.01,0.01,0.01,0.01,0.01,0.94
ISIC_0035762,0.01,0.94,0.01,0.01,0.01,0.01,0.01
ISIC_0035763,0.01,0.01,0.01,0.01,0.94,0.01,0.01
ISIC_0035764,0.94,0.01,0.01,0.01,0.01,0.01,0.01
ISIC_0035765,0.94,0.01,0.01,0.01,0.01,0.01,0.01
ISIC_0035766,0.94,0.01,0.01,0.01,0.01,0.01,0.01
ISIC_0035767,0.94,0.01,0.01,0.01,0.01,0.01,0.01
ISIC_0035768,0.01,0.01,0.01,0.01,0.94,0.01,0.01
ISIC_0035769,0.01,0.94,0.01,0.01,0.01,0.01,0.01
ISIC_0035770,0.94,0.01,0.01,0.01,0.01,0.01,0.01
ISIC_0035771,0.94,0.01,0.01,0.01,0.01,0.01,0.01
ISIC_0035772,0.01,0.01,0.01,0.01,0.94,0.01,0.01
ISIC_0035773,0.01,0.94,0.01,0.01,0.01,0.01,0.01
ISIC_0035774,0.94,0.01,0.01,0.01,0.01,0.01,0.01
ISIC_0035775,0.94,0.01,0.01,0.01,0.01,0.01,0.01
ISIC_0035776,0.01,0.01,0.01,0.01,0.94,0.01,0.01
ISIC_0035777,0.01,0.94,0.01,0.01,0.01,0.01,0.01
ISIC_0035778,0.01,0.01,0.01,0.01,0.94,0.01,0.01
ISIC_0035779,0.94,0.01,0.01,0.01,0.01,0.01,0.01
ISIC_0035780,0.01,0.01,0.01,0.01,0.94,0.01,0.01
ISIC_0035781,0.94,0.01,0.01,0.01,0.01,0.01,0.01
ISIC_0035782,0.01,0.94,0.01,0.01,0.01,0.01,0.01
ISIC_0035783,0.94,0.01,0.01,0.01,0.01,0.01,0.01
ISIC_0035784,0.94,0.01,0.01,0.01,0.01,0.01,0.01
ISIC_0035785,0.01,0.94,0.01,0.01,0.01,0.01,0.01
ISIC_0035786,0.01,0.94,0.01,0.01,0.01,0.01,0.01
ISIC_0035787,0.01,0.01,0.01,0.01,0.94,0.01,0.01
ISIC_0035788,0.01,0.94,0.01,0.01,0.01,0.01,0.01
ISIC_0035789,0.94,0.01,0.01,0.01,0.01,0.01,0.01
ISIC_0035790,0.01,0.01,0.94,0.01,0.01,0.01,0.01
ISIC_0035791,0.01,0.94,0.01,0.01,0.01,0.01,0.01
ISIC_0035792,0.01,0.94,0.01,0.01,0.01,0.01,0.01
ISIC_0035793,0.94,0.01,0.01,0.01,0.01,0.01,0.01
ISIC_0035794,0.01,0.01,0.01,0.01,0.94,0.01,0.01
ISIC_0035795,0.01,0.01,0.94,0.01,0.01,0.01,0.01
ISIC_0035796,0.01,0.01,0.01,0.94,0.01,0.01,0.01
ISIC_0035797,0.94,0.01,0.01,0.01,0.01,0.01,0.01
ISIC_0035798,0.94,0.01,0.01,0.01,0.01,0.01,0.01
ISIC_0035799,0.01,0.01,0.01,0.01,0.94,0.01,0.01
ISIC_0035800,0.94,0.01,0.01,0.01,0.01,0.01,0.01
ISIC_0035801,0.01,0.01,0.01,0.94,0.01,0.01,0.01
ISIC_0035802,0.01,0.01,0.01,0.01,0.01,0.01,0.94
ISIC_0035803,0.01,0.01,0.01,0.01,0.01,0.94,0.01
ISIC_0035804,0.94,0.01,0.01,0.01,0.01,0.01,0.01
ISIC_0035805,0.94,0.01,0.01,0.01,0.01,0.01,0.01
ISIC_0035806,0.01,0.01,0.94,0.01,0.01,0.01,0.01
ISIC_0035807,0.01,0.01,0.01,0.01,0.01,0.94,0.01
ISIC_0035808,0.01,0.94,0.01,0.01,0.01,0.01,0.01
ISIC_0035809,0.01,0.01,0.01,0.01,0.94,0.01,0.01
ISIC_0035810,0.01,0.01,0.01,0.01,0.94,0.01,0.01
ISIC_0035811,0.94,0.01,0.01,0.01,0.01,0.01,0.01
ISIC_0035812,0.01,0.94,0.01,0.01,0.01,0.01,0.01
ISIC_0035813,0.94,0.01,0.01,0.01,0.01,0.01,0.01
ISIC_0035814,0.01,0.94,0.01,0.01,0.01,0.01,0.01
ISIC_0035815,0.94,0.01,0.01,0.01,0.01,0.01,0.01
ISIC_0035816,0.94,0.01,0.01,0.01,0.01,0.01,0.01
ISIC_0035817,0.01,0.94,0.01,0.01,0.01,0.01,0.01
ISIC_0035818,0.01,0.01,0.01,0.01,0.94,0.01,0.01
ISIC_0035819,0.94,0.01,0.01,0.01,0.01,0.01,0.01
ISIC_0035820,0.01,0.01,0.01,0.01,0.94,0.01,0.01
ISIC_0035821,0.01,0.01,0.01,0.01,0.01,0.01,0.94
ISIC_0035822,0.94,0.01,0.01,0.01,0.01,0.01,0.01
ISIC_0035823,0.94,0.01,0.01,0.01,0.01,0.01,0.01
ISIC_0035824,0.01,0.01,0.94,0.01,0.01,0.01,0.01
ISIC_0035825,0.94,0.01,0.01,0.01,0.01,0.01,0.01
ISIC_0035826,0.01,0.01,0.01,0.94,0.01,0.01,0.01
ISIC_0035827,0.94,0.01,0.01,0.01,0.01,0.01,0.01
ISIC_0035828,0.01,0.01,0.01,0.01,0.01,0.94,0.01
ISIC_0035829,0.01,0.01,0.01,0.01,0.94,0.01,0.01
ISIC_0035830,0.01,0.94,0.01,0.01,0.01,0.01,0.01
ISIC_0035831,0.01,0.01,0.01,0.01,0.94,0.01,0.01
ISIC_0035832,0.01,0.01,0.01,0.01,0.94,0.01,0.01
ISIC_0035833,0.01,0.01,0.01,0.01,0.94,0.01,0.01
ISIC_0035834,0.01,0.01,0.01,0.01,0.94,0.01,0.01
ISIC_0035835,0.94,0.01,0.01,0.01,0.01,0.01,0.01
ISIC_0035836,0.94,0.01,0.01,0.01,0.01,0.01,0.01
ISIC_0035837,0.94,0.01,0.01,0.01,0.01,0.01,0.01
ISIC_0035838,0.94,0.01,0.01,0.01,0.01,0.01,0.01
ISIC_0035839,0.94,0.01,0.01,0.01,0.01,0.01,0.01
ISIC_0035840,0.01,0.94,0.01,0.01,0.01,0.01,0.01
ISIC_0035841,0.01,0.94,0.01,0.01,0.01,0.01,0.01
ISIC_0035842,0.01,0.01,0.01,0.01,0.01,0.94,0.01
ISIC_0035843,0.01,0.94,0.01,0.01,0.01,0.01,0.01
ISIC_0035844,0.01,0.01,0.01,0.01,0.94,0.01,0.01
ISIC_0035845,0.94,0.01,0.01,0.01,0.01,0.01,0.01
ISIC_0035846,0.01,0.01,0.01,0.01,0.94,0.01,0.01
ISIC_0035847,0.01,0.01,0.01,0.01,0.94,0.01,0.01
ISIC_0035848,0.01,0.01,0.01,0.01,0.94,0.01,0.01
ISIC_0035849,0.94,0.01,0.01,0.01,0.01,0.01,0.01
ISIC_0035850,0.94,0.01,0.01,0.01,0.01,0.01,0.01
ISIC_0035851,0.94,0.01,0.01,0.01,0.01,0.01,0.01
ISIC_0035852,0.01,0.01,0.01,0.94,0.01,0.01,0.01
ISIC_0035853,0.94,0.01,0.01,0.01,0.01,0.01,0.01
ISIC_0035854,0.01,0.01,0.01,0.01,0.94,0.01,0.01
ISIC_0035855,0.01,0.01,0.01,0.01,0.01,0.01,0.94
ISIC_0035856,0.94,0.01,0.01,0.01,0.01,0.01,0.01
ISIC_0035857,0.01,0.94,0.01,0.01,0.01,0.01,0.01
ISIC_0035858,0.01,0.94,0.01,0.01,0.01,0.01,0.01
ISIC_0035859,0.01,0.94,0.01,0.01,0.01,0.01,0.01
ISIC_0035860,0.01,0.94,0.01,0.01,0.01,0.01,0.01
ISIC_0035861,0.94,0.01,0.01,0.01,0.01,0.01,0.01
ISIC_0035862,0.94,0.01,0.01,0.01,0.01,0.01,0.01
ISIC_0035863,0.01,0.01,0.01,0.01,0.01,0.94,0.01
ISIC_0035864,0.94,0.01,0.01,0.01,0.01,0.01,0.01
ISIC_0035865,0.94,0.01,0.01,0.01,0.01,0.01,0.01
ISIC_0035866,0.01,0.01,0.01,0.01,0.94,0.01,0.01
ISIC_0035867,0.94,0.01,0.01,0.01,0.01,0.01,0.01
ISIC_0035868,0.94,0.01,0.01,0.01,0.01,0.01,0.01
ISIC_0035869,0.94,0.01,0.01,0.01,0.01,0.01,0.01
ISIC_0035870,0.01,0.94,0.01,0.01,0.01,0.01,0.01
ISIC_0035871,0.01,0.01,0.94,0.01,0.01,0.01,0.01
ISIC_0035872,0.94,0.01,0.01,0.01,0.01,0.01,0.01
ISIC_0035873,0.01,0.01,0.01,0.01,0.94,0.01,0.01
ISIC_0035874,0.01,0.01,0.94,0.01,0.01,0.01,0.01
ISIC_0035875,0.94,0.01,0.01,0.01,0.01,0.01,0.01
ISIC_0035876,0.01,0.01,0.94,0.01,0.01,0.01,0.01
ISIC_0035877,0.94,0.01,0.01,0.01,0.01,0.01,0.01
ISIC_0035878,0.01,0.01,0.94,0.01,0.01,0.01,0.01
ISIC_0035879,0.01,0.01,0.94,0.01,0.01,0.01,0.01
ISIC_0035880,0.01,0.01,0.94,0.01,0.01,0.01,0.01
ISIC_0035881,0.01,0.01,0.01,0.01,0.94,0.01,0.01
ISIC_0035882,0.01,0.01,0.94,0.01,0.01,0.01,0.01
ISIC_0035883,0.94,0.01,0.01,0.01,0.01,0.01,0.01
ISIC_0035884,0.94,0.01,0.01,0.01,0.01,0.01,0.01
ISIC_0035885,0.94,0.01,0.01,0.01,0.01,0.01,0.01
ISIC_0035886,0.94,0.01,0.01,0.01,0.01,0.01,0.01
ISIC_0035887,0.94,0.01,0.01,0.01,0.01,0.01,0.01
ISIC_0035888,0.94,0.01,0.01,0.01,0.01,0.01,0.01
ISIC_0035889,0.94,0.01,0.01,0.01,0.01,0.01,0.01
ISIC_0035890,0.01,0.01,0.01,0.01,0.01,0.94,0.01
ISIC_0035891,0.01,0.94,0.01,0.01,0.01,0.01,0.01
ISIC_0035892,0.94,0.01,0.01,0.01,0.01,0.01,0.01
ISIC_0035893,0.01,0.94,0.01,0.01,0.01,0.01,0.01
ISIC_0035894,0.01,0.01,0.01,0.94,0.01,0.01,0.01
ISIC_0035895,0.94,0.01,0.01,0.01,0.01,0.01,0.01
ISIC_0035896,0.94,0.01,0.01,0.01,0.01,0.01,0.01
ISIC_0035897,0.94,0.01,0.01,0.01,0.01,0.01,0.01
ISIC_0035898,0.01,0.94,0.01,0.01,0.01,0.01,0.01
ISIC_0035899,0.01,0.01,0.01,0.01,0.94,0.01,0.01
ISIC_0035900,0.94,0.01,0.01,0.01,0.01,0.01,0.01
ISIC_0035901,0.01,0.01,0.94,0.01,0.01,0.01,0.01
ISIC_0035902,0.01,0.01,0.01,0.01,0.94,0.01,0.01
ISIC_0035903,0.01,0.94,0.01,0.01,0.01,0.01,0.01
ISIC_0035904,0.01,0.01,0.94,0.01,0.01,0.01,0.01
ISIC_0035905,0.01,0.01,0.01,0.01,0.01,0.01,0.94
ISIC_0035906,0.94,0.01,0.01,0.01,0.01,0.01,0.01
ISIC_0035907,0.01,0.94,0.01,0.01,0.01,0.01,0.01
ISIC_0035908,0.01,0.01,0.01,0.01,0.94,0.01,0.01
ISIC_0035909,0.94,0.01,0.01,0.01,0.01,0.01,0.01
ISIC_0035910,0.01,0.01,0.94,0.01,0.01,0.01,0.01
ISIC_0035911,0.01,0.01,0.94,0.01,0.01,0.01,0.01
ISIC_0035912,0.01,0.94,0.01,0.01,0.01,0.01,0.01
ISIC_0035913,0.94,0.01,0.01,0.01,0.01,0.01,0.01
ISIC_0035914,0.01,0.01,0.01,0.01,0.01,0.94,0.01
ISIC_0035915,0.01,0.01,0.01,0.01,0.01,0.01,0.94
ISIC_0035916,0.94,0.01,0.01,0.01,0.01,0.01,0.01
ISIC_0035917,0.01,0.01,0.94,0.01,0.01,0.01,0.01
ISIC_0035918,0.94,0.01,0.01,0.01,0.01,0.01,0.01
ISIC_0035919,0.01,0.01,0.01,0.01,0.01,0.94,0.01
ISIC_0035920,0.94,0.01,0.01,0.01,0.01,0.01,0.01
ISIC_0035921,0.01,0.94,0.01,0.01,0.01,0.01,0.01
ISIC_0035922,0.01,0.01,0.01,0.01,0.94,0.01,0.01
ISIC_0035923,0.01,0.01,0.94,0.01,0.01,0.01,0.01
ISIC_0035924,0.01,0.01,0.01,0.01,0.94,0.01,0.01
ISIC_0035925,0.01,0.01,0.01,0.01,0.01,0.01,0.94
ISIC_0035926,0.01,0.01,0.01,0.01,0.94,0.01,0.01
ISIC_0035927,0.01,0.94,0.01,0.01,0.01,0.01,0.01
ISIC_0035928,0.94,0.01,0.01,0.01,0.01,0.01,0.01
ISIC_0035929,0.01,0.01,0.01,0.01,0.01,0.01,0.94
ISIC_0035930,0.94,0.01,0.01,0.01,0.01,0.01,0.01
ISIC_0035931,0.01,0.01,0.01,0.01,0.01,0.01,0.94
ISIC_0035932,0.01,0.01,0.01,0.94,0.01,0.01,0.01
ISIC_0035933,0.01,0.01,0.01,0.01,0.01,0.01,0.94
ISIC_0035934,0.94,0.01,0.01,0.01,0.01,0.01,0.01
ISIC_0035935,0.94,0.01,0.01,0.01,0.01,0.01,0.01
ISIC_0035936,0.01,0.94,0.01,0.01,0.01,0.01,0.01
ISIC_0035937,0.01,0.01,0.01,0.01,0.94,0.01,0.01
ISIC_0035938,0.01,0.01,0.01,0.01,0.01,0.94,0.01
ISIC_0035939,0.94,0.01,0.01,0.01,0.01,0.01,0.01
ISIC_0035940,0.01,0.01,0.94,0.01,0.01,0.01,0.01
ISIC_0035941,0.01,0.94,0.01,0.01,0.01,0.01,0.01
ISIC_0035942,0.01,0.01,0.01,0.01,0.94,0.01,0.01
ISIC_0035943,0.94,0.01,0.01,0.01,0.01,0.01,0.01
ISIC_0035944,0.01,0.01,0.01,0.01,0.94,0.01,0.01
ISIC_0035945,0.01,0.94,0.01,0.01,0.01,0.01,0.01
ISIC_0035946,0.01,0.01,0.01,0.01,0.94,0.01,0.01
ISIC_0035947,0.94,0.01,0.01,0.01,0.01,0.01,0.01
ISIC_0035948,0.01,0.94,0.01,0.01,0.01,0.01,0.01
ISIC_0035949,0.01,0.01,0.01,0.01,0.94,0.01,0.01
ISIC_0035950,0.01,0.01,0.01,0.01,0.01,0.01,0.94
ISIC_0035951,0.01,0.94,0.01,0.01,0.01,0.01,0.01
ISIC_0035952,0.01,0.01,0.01,0.01,0.01,0.01,0.94
ISIC_0035953,0.94,0.01,0.01,0.01,0.01,0.01,0.01
ISIC_0035954,0.94,0.01,0.01,0.01,0.01,0.01,0.01
ISIC_0035955,0.01,0.01,0.01,0.01,0.94,0.01,0.01
ISIC_0035956,0.94,0.01,0.01,0.01,0.01,0.01,0.01
ISIC_0035957,0.01,0.01,0.94,0.01,0.01,0.01,0.01
ISIC_0035958,0.94,0.01,0.01,0.01,0.01,0.01,0.01
ISIC_0035959,0.01,0.01,0.01,0.01,0.94,0.01,0.01
ISIC_0035960,0.94,0.01,0.01,0.01,0.01,0.01,0.01
ISIC_0035961,0.01,0.94,0.01,0.01,0.01,0.01,0.01
ISIC_0035962,0.94,0.01,0.01,0.01,0.01,0.01,0.01
ISIC_0035963,0.94,0.01,0.01,0.01,0.01,0.01,0.01
ISIC_0035964,0.94,0.01,0.01,0.01,0.01,0.01,0.01
ISIC_0035965,0.94,0.01,0.01,0.01,0.01,0.01,0.01
ISIC_0035966,0.94,0.01,0.01,0.01,0.01,0.01,0.01
ISIC_0035967,0.01,0.94,0.01,0.01,0.01,0.01,0.01
ISIC_0035968,0.01,0.01,0.01,0.01,0.94,0.01,0.01
ISIC_0035969,0.01,0.94,0.01,0.01,0.01,0.01,0.01
ISIC_0035970,0.01,0.94,0.01,0.01,0.01,0.01,0.01
ISIC_0035971,0.94,0.01,0.01,0.01,0.01,0.01,0.01
ISIC_0035972,0.94,0.01,0.01,0.01,0.01,0.01,0.01
ISIC_0035973,0.94,0.01,0.01,0.01,0.01,0.01,0.01
ISIC_0035974,0.94,0.01,0.01,0.01,0.01,0.01,0.01
ISIC_0035975,0.94,0.01,0.01,0.01,0.01,0.01,0.01
ISIC_0035976,0.01,0.01,0.01,0.01,0.94,0.01,0.01
ISIC_0035977,0.01,0.01,0.94,0.01,0.01,0.01,0.01
ISIC_0035978,0.01,0.94,0.01,0.01,0.01,0.01,0.01
ISIC_0035979,0.01,0.94,0.01,0.01,0.01,0.01,0.01
ISIC_0035980,0.94,0.01,0.01,0.01,0.01,0.01,0.01
ISIC_0035981,0.94,0.01,0.01,0.01,0.01,0.01,0.01
ISIC_0035982,0.01,0.01,0.94,0.01,0.01,0.01,0.01
ISIC_0035983,0.94,0.01,0.01,0.01,0.01,0.01,0.01
ISIC_0035984,0.94,0.01,0.01,0.01,0.01,0.01,0.01
ISIC_0035985,0.01,0.94,0.01,0.01,0.01,0.01,0.01
ISIC_0035986,0.94,0.01,0.01,0.01,0.01,0.01,0.01
ISIC_0035987,0.01,0.01,0.94,0.01,0.01,0.01,0.01
ISIC_0035988,0.01,0.01,0.01,0.94,0.01,0.01,0.01
ISIC_0035989,0.94,0.01,0.01,0.01,0.01,0.01,0.01
ISIC_0035990,0.94,0.01,0.01,0.01,0.01,0.01,0.01
ISIC_0035991,0.94,0.01,0.01,0.01,0.01,0.01,0.01
ISIC_0035992,0.94,0.01,0.01,0.01,0.01,0.01,0.01
ISIC_0035993,0.94,0.01,0.01,0.01,0.01,0.01,0.01
ISIC_0035994,0.94,0.01,0.01,0.01,0.01,0.01,0.01
ISIC_0035995,0.94,0.01,0.01,0.01,0.01,0.01,0.01
ISIC_0035996,0.01,0.01,0.01,0.01,0.94,0.01,0.01
ISIC_0035997,0.94,0.01,0.01,0.01,0.01,0.01,0.01
ISIC_0035998,0.94,0.01,0.01,0.01,0.01,0.01,0.01
ISIC_0035999,0.94,0.01,0.01,0.01,0.01,0.01,0.01
ISIC_0036000,0.01,0.01,0.01,0.01,0.01,0.01,0.94
ISIC_0036001,0.01,0.94,0.01,0.01,0.01,0.01,0.01
ISIC_0036002,0.01,0.01,0.01,0.01,0.94,0.01,0.01
ISIC_0036003,0.01,0.01,0.01,0.01,0.94,0.01,0.01
ISIC_0036004,0.01,0.01,0.01,0.01,0.94,0.01,0.01
ISIC_0036005,0.94,0.01,0.01,0.01,0.01,0.01,0.01
ISIC_0036006,0.01,0.01,0.01,0.01,0.94,0.01,0.01
ISIC_0036007,0.01,0.01,0.01,0.01,0.01,0.94,0.01
ISIC_0036008,0.01,0.01,0.01,0.01,0.94,0.01,0.01
ISIC_0036009,0.01,0.01,0.01,0.01,0.01,0.01,0.94
ISIC_0036010,0.94,0.01,0.01,0.01,0.01,0.01,0.01
ISIC_0036011,0.01,0.01,0.01,0.01,0.94,0.01,0.01
ISIC_0036012,0.94,0.01,0.01,0.01,0.01,0.01,0.01
ISIC_0036013,0.94,0.01,0.01,0.01,0.01,0.01,0.01
ISIC_0036014,0.01,0.94,0.01,0.01,0.01,0.01,0.01
ISIC_0036015,0.01,0.01,0.01,0.01,0.94,0.01,0.01
ISIC_0036016,0.01,0.01,0.94,0.01,0.01,0.01,0.01
ISIC_0036017,0.94,0.01,0.01,0.01,0.01,0.01,0.01
ISIC_0036018,0.01,0.01,0.01,0.01,0.01,0.94,0.01
ISIC_0036019,0.01,0.01,0.01,0.94,0.01,0.01,0.01
ISIC_0036020,0.01,0.01,0.01,0.01,0.01,0.94,0.01
ISIC_0036021,0.94,0.01,0.01,0.01,0.01,0.01,0.01
ISIC_0036022,0.01,0.01,0.94,0.01,0.01,0.01,0.01
ISIC_0036023,0.01,0.01,0.01,0.01,0.94,0.01,0.01
ISIC_0036024,0.01,0.94,0.01,0.01,0.01,0.01,0.01
ISIC_0036025,0.94,0.01,0.01,0.01,0.01,0.01,0.01
ISIC_0036026,0.94,0.01,0.01,0.01,0.01,0.01,0.01
ISIC_0036027,0.01,0.94,0.01,0.01,0.01,0.01,0.01
ISIC_0036028,0.94,0.01,0.01,0.01,0.01,0.01,0.01
ISIC_0036029,0.01,0.01,0.01,0.01,0.01,0.01,0.94
ISIC_0036030,0.01,0.01,0.01,0.01,0.01,0.94,0.01
ISIC_0036031,0.01,0.01,0.94,0.01,0.01,0.01,0.01
ISIC_0036032,0.01,0.01,0.01,0.01,0.01,0.94,0.01
ISIC_0036033,0.94,0.01,0.01,0.01,0.01,0.01,0.01
ISIC_0036034,0.94,0.01,0.01,0.01,0.01,0.01,0.01
ISIC_0036035,0.01,0.01,0.94,0.01,0.01,0.01,0.01
ISIC_0036036,0.01,0.01,0.94,0.01,0.01,0.01,0.01
ISIC_0036037,0.01,0.94,0.01,0.01,0.01,0.01,0.01
ISIC_0036038,0.94,0.01,0.01,0.01,0.01,0.01,0.01
ISIC_0036039,0.94,0.01,0.01,0.01,0.01,0.01,0.01
ISIC_0036040,0.01,0.01,0.94,0.01,0.01,0.01,0.01
ISIC_0036041,0.01,0.94,0.01,0.01,0.01,0.01,0.01
ISIC_0036042,0.94,0.01,0.01,0.01,0.01,0.01,0.01
ISIC_0036043,0.01,0.01,0.01,0.01,0.94,0.01,0.01
ISIC_0036044,0.01,0.94,0.01,0.01,0.01,0.01,0.01
ISIC_0036045,0.94,0.01,0.01,0.01,0.01,0.01,0.01
ISIC_0036046,0.01,0.94,0.01,0.01,0.01,0.01,0.01
ISIC_0036047,0.01,0.94,0.01,0.01,0.01,0.01,0.01
ISIC_0036048,0.01,0.94,0.01,0.01,0.01,0.01,0.01
ISIC_0036049,0.94,0.01,0.01,0.01,0.01,0.01,0.01
ISIC_0036050,0.01,0.01,0.01,0.01,0.94,0.01,0.01
ISIC_0036051,0.01,0.01,0.01,0.01,0.94,0.01,0.01
ISIC_0036052,0.94,0.01,0.01,0.01,0.01,0.01,0.01
ISIC_0036053,0.01,0.01,0.01,0.01,0.94,0.01,0.01
ISIC_0036054,0.01,0.94,0.01,0.01,0.01,0.01,0.01
ISIC_0036055,0.01,0.01,0.01,0.01,0.94,0.01,0.01
ISIC_0036056,0.94,0.01,0.01,0.01,0.01,0.01,0.01
ISIC_0036057,0.01,0.94,0.01,0.01,0.01,0.01,0.01
ISIC_0036058,0.94,0.01,0.01,0.01,0.01,0.01,0.01
ISIC_0036059,0.94,0.01,0.01,0.01,0.01,0.01,0.01
ISIC_0036060,0.01,0.01,0.01,0.01,0.94,0.01,0.01
ISIC_0036061,0.01,0.94,0.01,0.01,0.01,0.01,0.01
ISIC_0036062,0.01,0.01,0.94,0.01,0.01,0.01,0.01
ISIC_0036063,0.01,0.01,0.01,0.01,0.94,0.01,0.01
ISIC_0036064,0.01,0.01,0.01,0.01,0.94,0.01,0.01
